<?xml version="1.0" encoding="UTF-8"?><rss version="2.0"
	xmlns:content="http://purl.org/rss/1.0/modules/content/"
	xmlns:wfw="http://wellformedweb.org/CommentAPI/"
	xmlns:dc="http://purl.org/dc/elements/1.1/"
	xmlns:atom="http://www.w3.org/2005/Atom"
	xmlns:sy="http://purl.org/rss/1.0/modules/syndication/"
	xmlns:slash="http://purl.org/rss/1.0/modules/slash/"
	
	xmlns:georss="http://www.georss.org/georss"
	xmlns:geo="http://www.w3.org/2003/01/geo/wgs84_pos#"
	>

<channel>
	<title>creativity sustainability reporting sustainable innovation design &#8211; VicDesotelle.com</title>
	<atom:link href="/tag/creativity-sustainability-reporting-sustainable-innovation-design/feed/" rel="self" type="application/rss+xml" />
	<link></link>
	<description>Discovery Colabs, LLC - &#34;Be The Change&#34;</description>
	<lastBuildDate>Tue, 03 Jan 2012 18:49:00 +0000</lastBuildDate>
	<language>en-US</language>
	<sy:updatePeriod>
	hourly	</sy:updatePeriod>
	<sy:updateFrequency>
	1	</sy:updateFrequency>
	<generator>https://wordpress.org/?v=6.4.3</generator>

<image>
	<url>/wp-content/uploads/sites/2/2016/09/cropped-cropped-crossing-bridges-32x32.jpg</url>
	<title>creativity sustainability reporting sustainable innovation design &#8211; VicDesotelle.com</title>
	<link></link>
	<width>32</width>
	<height>32</height>
</image> 
<site xmlns="com-wordpress:feed-additions:1">117344633</site>	<item>
		<title>Sustainability Reporting and the Creative Process</title>
		<link>/2008/12/14/sustainability-reporting-and-the-creative-process/</link>
					<comments>/2008/12/14/sustainability-reporting-and-the-creative-process/#respond</comments>
		
		<dc:creator><![CDATA[VicDesotelle]]></dc:creator>
		<pubDate>Mon, 15 Dec 2008 01:34:12 +0000</pubDate>
				<category><![CDATA[* Sustainable Development]]></category>
		<category><![CDATA[creativity sustainability reporting sustainable innovation design]]></category>
		<guid isPermaLink="false">http://discoveryfuel.com/?p=532</guid>

					<description><![CDATA[Which of you are familiar with the concepts of creativity, innovation, and sustainability? I seek direction from you on how to incorporate ‘deep creative’ processes within Discovery Fuel&#8217;s emerging ‘sustainability reporting’ CoLaboratories. The sustainability reporting phenomena is a rapidly growing trend within organizations world-wide and covers all sectors including business, NGO’s, communities/cities, education, and government. [&#8230;]]]></description>
		
					<wfw:commentRss>/2008/12/14/sustainability-reporting-and-the-creative-process/feed/</wfw:commentRss>
			<slash:comments>0</slash:comments>
		
		
		<post-id xmlns="com-wordpress:feed-additions:1">532</post-id>	</item>
	</channel>
</rss>
