<?xml version="1.0" encoding="UTF-8"?><rss version="2.0"
	xmlns:content="http://purl.org/rss/1.0/modules/content/"
	xmlns:wfw="http://wellformedweb.org/CommentAPI/"
	xmlns:dc="http://purl.org/dc/elements/1.1/"
	xmlns:atom="http://www.w3.org/2005/Atom"
	xmlns:sy="http://purl.org/rss/1.0/modules/syndication/"
	xmlns:slash="http://purl.org/rss/1.0/modules/slash/"
	
	xmlns:georss="http://www.georss.org/georss"
	xmlns:geo="http://www.w3.org/2003/01/geo/wgs84_pos#"
	>

<channel>
	<title>professional &#8211; VicDesotelle.com</title>
	<atom:link href="/tag/professional/feed/" rel="self" type="application/rss+xml" />
	<link></link>
	<description>Discovery Colabs, LLC - &#34;Be The Change&#34;</description>
	<lastBuildDate>Fri, 30 Sep 2016 02:01:35 +0000</lastBuildDate>
	<language>en-US</language>
	<sy:updatePeriod>
	hourly	</sy:updatePeriod>
	<sy:updateFrequency>
	1	</sy:updateFrequency>
	<generator>https://wordpress.org/?v=6.4.3</generator>

<image>
	<url>/wp-content/uploads/sites/2/2016/09/cropped-cropped-crossing-bridges-32x32.jpg</url>
	<title>professional &#8211; VicDesotelle.com</title>
	<link></link>
	<width>32</width>
	<height>32</height>
</image> 
<site xmlns="com-wordpress:feed-additions:1">117344633</site>	<item>
		<title>The Ecology of Leadership: A Twist on the Idea of Professionalism</title>
		<link>/2011/11/29/a-twist-on-the-idea-of-professionalism-in-leadership/</link>
					<comments>/2011/11/29/a-twist-on-the-idea-of-professionalism-in-leadership/#respond</comments>
		
		<dc:creator><![CDATA[VicDesotelle]]></dc:creator>
		<pubDate>Tue, 29 Nov 2011 17:28:55 +0000</pubDate>
				<category><![CDATA[* Leadership Ecology]]></category>
		<category><![CDATA[Add new tag]]></category>
		<category><![CDATA[compassion]]></category>
		<category><![CDATA[ecology]]></category>
		<category><![CDATA[ecology of leadership]]></category>
		<category><![CDATA[lead]]></category>
		<category><![CDATA[leadership]]></category>
		<category><![CDATA[Leadership Ecology]]></category>
		<category><![CDATA[professional]]></category>
		<category><![CDATA[professionalism]]></category>
		<guid isPermaLink="false">http://discoveryfuel.com/?p=653</guid>

					<description><![CDATA[<p><img data-tf-not-load="1" fetchpriority="high" loading="auto" decoding="auto" width="400" height="400" src="/wp-content/uploads/sites/2/2011/11/TwistedLimit.jpg" class="attachment-full size-full wp-post-image" alt="" decoding="async" fetchpriority="high" srcset="/wp-content/uploads/sites/2/2011/11/TwistedLimit.jpg 400w, /wp-content/uploads/sites/2/2011/11/TwistedLimit-150x150.jpg 150w, /wp-content/uploads/sites/2/2011/11/TwistedLimit-300x300.jpg 300w, /wp-content/uploads/sites/2/2011/11/TwistedLimit-47x48.jpg 47w" sizes="(max-width: 400px) 100vw, 400px" /></p>In our attempt to be &#8216;professional&#8217;, it seems that our society has become afraid of our own human-ness. Have we lost our sense of how to be with each other in the messiness of our humanity? I was reading my LinkedIn Groups this morning and came across Mike Smith’s ‘Life Back West’ thoughts on people, [&#8230;]]]></description>
		
					<wfw:commentRss>/2011/11/29/a-twist-on-the-idea-of-professionalism-in-leadership/feed/</wfw:commentRss>
			<slash:comments>0</slash:comments>
		
		
		<post-id xmlns="com-wordpress:feed-additions:1">653</post-id>	</item>
	</channel>
</rss>
