<?xml version="1.0" encoding="UTF-8"?><rss version="2.0"
	xmlns:content="http://purl.org/rss/1.0/modules/content/"
	xmlns:wfw="http://wellformedweb.org/CommentAPI/"
	xmlns:dc="http://purl.org/dc/elements/1.1/"
	xmlns:atom="http://www.w3.org/2005/Atom"
	xmlns:sy="http://purl.org/rss/1.0/modules/syndication/"
	xmlns:slash="http://purl.org/rss/1.0/modules/slash/"
	
	xmlns:georss="http://www.georss.org/georss"
	xmlns:geo="http://www.w3.org/2003/01/geo/wgs84_pos#"
	>

<channel>
	<title>Innovation &#8211; VicDesotelle.com</title>
	<atom:link href="/tag/innovation/feed/" rel="self" type="application/rss+xml" />
	<link></link>
	<description>Discovery Colabs, LLC - &#34;Be The Change&#34;</description>
	<lastBuildDate>Fri, 30 Sep 2016 02:00:55 +0000</lastBuildDate>
	<language>en-US</language>
	<sy:updatePeriod>
	hourly	</sy:updatePeriod>
	<sy:updateFrequency>
	1	</sy:updateFrequency>
	<generator>https://wordpress.org/?v=6.4.3</generator>

<image>
	<url>/wp-content/uploads/sites/2/2016/09/cropped-cropped-crossing-bridges-32x32.jpg</url>
	<title>Innovation &#8211; VicDesotelle.com</title>
	<link></link>
	<width>32</width>
	<height>32</height>
</image> 
<site xmlns="com-wordpress:feed-additions:1">117344633</site>	<item>
		<title>The Link Between Ethics and Innovation</title>
		<link>/2009/08/14/the-link-between-ethics-and-innovation/</link>
					<comments>/2009/08/14/the-link-between-ethics-and-innovation/#respond</comments>
		
		<dc:creator><![CDATA[VicDesotelle]]></dc:creator>
		<pubDate>Fri, 14 Aug 2009 08:00:01 +0000</pubDate>
				<category><![CDATA[* Leadership Ecology]]></category>
		<category><![CDATA[* Sustainable Development]]></category>
		<category><![CDATA[corporate]]></category>
		<category><![CDATA[ethics]]></category>
		<category><![CDATA[global ethic]]></category>
		<category><![CDATA[Innovation]]></category>
		<category><![CDATA[policy]]></category>
		<guid isPermaLink="false">http://discoveryfuel.com/?p=537</guid>

					<description><![CDATA[Ethics to Innovation Article By Vic Desotelle and Michael Kaufman Table of Contents Introduction The Ethics/Innovation Relationship What are Ethics? Forces Creating Managerial Dilemmas (Principle Forces Creating Practical Dilemmas) What is Innovation? Innovative Wholes and Inventive Systems (Fractal Wholes vs Fractured Parts) The Emerging Global Ethic Innovation through Ethical Tension Sustainability: Bridge from Ethics to [&#8230;]]]></description>
		
					<wfw:commentRss>/2009/08/14/the-link-between-ethics-and-innovation/feed/</wfw:commentRss>
			<slash:comments>0</slash:comments>
		
		
		<post-id xmlns="com-wordpress:feed-additions:1">537</post-id>	</item>
		<item>
		<title>Vic on Creative Learning</title>
		<link>/2008/10/05/vic-on-creative-learning/</link>
					<comments>/2008/10/05/vic-on-creative-learning/#respond</comments>
		
		<dc:creator><![CDATA[VicDesotelle]]></dc:creator>
		<pubDate>Mon, 06 Oct 2008 04:46:01 +0000</pubDate>
				<category><![CDATA[* Collaborative Design]]></category>
		<category><![CDATA[change]]></category>
		<category><![CDATA[Collaborative Design]]></category>
		<category><![CDATA[education]]></category>
		<category><![CDATA[Innovation]]></category>
		<category><![CDATA[learn]]></category>
		<guid isPermaLink="false">http://discoveryfuel.com/?p=84</guid>

					<description><![CDATA[Let&#8217;s set the stage for what will be discussed here: What does this subject have to do with anything outside of a school environment? Well allow me to elaborate &#8230; The world has changed. Noooo, the world is not &#8216;about&#8217; to change, it HAS changed. And the way we learn no longer fits into the [&#8230;]]]></description>
		
					<wfw:commentRss>/2008/10/05/vic-on-creative-learning/feed/</wfw:commentRss>
			<slash:comments>0</slash:comments>
		
		
		<post-id xmlns="com-wordpress:feed-additions:1">6172</post-id>	</item>
		<item>
		<title>Triple Bottom Line Investing: A New Framework for Innovation</title>
		<link>/2008/11/16/triple-bottom-line-investing-a-new-framework-for-innovation/</link>
					<comments>/2008/11/16/triple-bottom-line-investing-a-new-framework-for-innovation/#respond</comments>
		
		<dc:creator><![CDATA[VicDesotelle]]></dc:creator>
		<pubDate>Sun, 16 Nov 2008 08:30:04 +0000</pubDate>
				<category><![CDATA[* Sustainable Development]]></category>
		<category><![CDATA[Feigenbaum]]></category>
		<category><![CDATA[greenmoney]]></category>
		<category><![CDATA[Innovation]]></category>
		<category><![CDATA[Investing]]></category>
		<category><![CDATA[socially responsible investing]]></category>
		<category><![CDATA[triple bottom line]]></category>
		<guid isPermaLink="false">http://discoveryfuel.com/?p=368</guid>

					<description><![CDATA[I have long awaited the day when business and technology would begin to use principles of sustainability as the foundation for how we create and pay for our products and services. Well, the future has arrived with the concept of &#8220;&#8221; and socially responsible investing, which holds a whole new framework for innovation to emerge. [&#8230;]]]></description>
		
					<wfw:commentRss>/2008/11/16/triple-bottom-line-investing-a-new-framework-for-innovation/feed/</wfw:commentRss>
			<slash:comments>0</slash:comments>
		
		
		<post-id xmlns="com-wordpress:feed-additions:1">368</post-id>	</item>
		<item>
		<title>Vic on Sustainable Innovation</title>
		<link>/2008/10/27/about-sustainable-innovation/</link>
					<comments>/2008/10/27/about-sustainable-innovation/#respond</comments>
		
		<dc:creator><![CDATA[VicDesotelle]]></dc:creator>
		<pubDate>Tue, 28 Oct 2008 01:42:20 +0000</pubDate>
				<category><![CDATA[* Sustainable Development]]></category>
		<category><![CDATA[Innovation]]></category>
		<category><![CDATA[organizational innovation]]></category>
		<category><![CDATA[Social innovation]]></category>
		<category><![CDATA[Sustain Innovation]]></category>
		<category><![CDATA[sustainability]]></category>
		<category><![CDATA[technical innovation]]></category>
		<category><![CDATA[triple bottom line]]></category>
		<guid isPermaLink="false">http://discoveryfuel.com/?p=271</guid>

					<description><![CDATA[I have long awaited the day when business and technology begin to use principles of sustainability as the foundation for creating and using products and services. Well, the future has arrived and I&#8217;m all over it. Under concepts like &#8216;triple bottom line&#8217; and &#8216;social responsibility&#8217; the idea of innovation is showing up in new ways. [&#8230;]]]></description>
		
					<wfw:commentRss>/2008/10/27/about-sustainable-innovation/feed/</wfw:commentRss>
			<slash:comments>0</slash:comments>
		
		
		<post-id xmlns="com-wordpress:feed-additions:1">271</post-id>	</item>
		<item>
		<title>Vic on Team Building</title>
		<link>/2008/10/06/vic-on-team-building/</link>
					<comments>/2008/10/06/vic-on-team-building/#respond</comments>
		
		<dc:creator><![CDATA[VicDesotelle]]></dc:creator>
		<pubDate>Tue, 07 Oct 2008 02:30:51 +0000</pubDate>
				<category><![CDATA[* Collaborative Design]]></category>
		<category><![CDATA[* Leadership Ecology]]></category>
		<category><![CDATA[build]]></category>
		<category><![CDATA[collaboration]]></category>
		<category><![CDATA[development]]></category>
		<category><![CDATA[discovery]]></category>
		<category><![CDATA[Innovation]]></category>
		<category><![CDATA[Leadership Ecology]]></category>
		<category><![CDATA[projects]]></category>
		<category><![CDATA[sustained]]></category>
		<category><![CDATA[teams]]></category>
		<category><![CDATA[workplace]]></category>
		<guid isPermaLink="false">http://discoveryfuel.com/?p=136</guid>

					<description><![CDATA[Allow me to set the context for this section of my blog. For me, team building is a highly important aspect of any organization&#8217;s development. Very few of you will argue me that. However, I propose that it is rare to see team building as a process that is directly integrated into the work that [&#8230;]]]></description>
		
					<wfw:commentRss>/2008/10/06/vic-on-team-building/feed/</wfw:commentRss>
			<slash:comments>0</slash:comments>
		
		
		<post-id xmlns="com-wordpress:feed-additions:1">6174</post-id>	</item>
		<item>
		<title>Vic on Keepin&#039; it Green &#8211; the Color of &#034;Sustainable Innovation&#034;</title>
		<link>/2008/10/06/vic-on-keepin-it-green/</link>
					<comments>/2008/10/06/vic-on-keepin-it-green/#respond</comments>
		
		<dc:creator><![CDATA[VicDesotelle]]></dc:creator>
		<pubDate>Mon, 06 Oct 2008 05:00:03 +0000</pubDate>
				<category><![CDATA[* Sustainable Development]]></category>
		<category><![CDATA[earth]]></category>
		<category><![CDATA[environment]]></category>
		<category><![CDATA[green]]></category>
		<category><![CDATA[Innovation]]></category>
		<category><![CDATA[sustainability]]></category>
		<guid isPermaLink="false">http://discoveryfuel.com/?p=88</guid>

					<description><![CDATA[As most of you who clicked into this space: green is no longer a do-good concept. No, in fact it has become a manditory part of defining any business, any organization, any city &#8230; really anything that we humans have the ability to think about and create will forever be different because of the green [&#8230;]]]></description>
		
					<wfw:commentRss>/2008/10/06/vic-on-keepin-it-green/feed/</wfw:commentRss>
			<slash:comments>0</slash:comments>
		
		
		<post-id xmlns="com-wordpress:feed-additions:1">6173</post-id>	</item>
		<item>
		<title>Vic&#8217;s Supplements Plan For Wellness &#8230; and Sustainability</title>
		<link>/2008/05/09/vics-supplements-plan-for-wellness-and-sustainability/</link>
					<comments>/2008/05/09/vics-supplements-plan-for-wellness-and-sustainability/#respond</comments>
		
		<dc:creator><![CDATA[VicDesotelle]]></dc:creator>
		<pubDate>Fri, 09 May 2008 18:31:18 +0000</pubDate>
				<category><![CDATA[** Insights]]></category>
		<category><![CDATA[collaborative]]></category>
		<category><![CDATA[conscious]]></category>
		<category><![CDATA[deep ecology]]></category>
		<category><![CDATA[earth]]></category>
		<category><![CDATA[gaia]]></category>
		<category><![CDATA[Innovation]]></category>
		<category><![CDATA[leadership]]></category>
		<category><![CDATA[sustainability]]></category>
		<category><![CDATA[well being]]></category>
		<category><![CDATA[wellness]]></category>
		<guid isPermaLink="false">http://discoveryfuel.com/?p=5201</guid>

					<description><![CDATA[Our wellness influences what we create as human beings and how it either supports or depletes the world&#8217;s complex ecology of life &#8211; a planetary well being, so to speak. Our individuality is made up of a physical body, mind(fulness) and thoughts, emotions and attitude, and spiritual connection with something greater than us. The interactions [&#8230;]]]></description>
		
					<wfw:commentRss>/2008/05/09/vics-supplements-plan-for-wellness-and-sustainability/feed/</wfw:commentRss>
			<slash:comments>0</slash:comments>
		
		
		<post-id xmlns="com-wordpress:feed-additions:1">5201</post-id>	</item>
	</channel>
</rss>
