<?xml version="1.0" encoding="UTF-8"?><rss version="2.0"
	xmlns:content="http://purl.org/rss/1.0/modules/content/"
	xmlns:wfw="http://wellformedweb.org/CommentAPI/"
	xmlns:dc="http://purl.org/dc/elements/1.1/"
	xmlns:atom="http://www.w3.org/2005/Atom"
	xmlns:sy="http://purl.org/rss/1.0/modules/syndication/"
	xmlns:slash="http://purl.org/rss/1.0/modules/slash/"
	
	xmlns:georss="http://www.georss.org/georss"
	xmlns:geo="http://www.w3.org/2003/01/geo/wgs84_pos#"
	>

<channel>
	<title>Global Warming &#8211; VicDesotelle.com</title>
	<atom:link href="/tag/global-warming/feed/" rel="self" type="application/rss+xml" />
	<link></link>
	<description>Discovery Colabs, LLC - &#34;Be The Change&#34;</description>
	<lastBuildDate>Tue, 03 Jan 2012 18:48:59 +0000</lastBuildDate>
	<language>en-US</language>
	<sy:updatePeriod>
	hourly	</sy:updatePeriod>
	<sy:updateFrequency>
	1	</sy:updateFrequency>
	<generator>https://wordpress.org/?v=6.4.3</generator>

<image>
	<url>/wp-content/uploads/sites/2/2016/09/cropped-cropped-crossing-bridges-32x32.jpg</url>
	<title>Global Warming &#8211; VicDesotelle.com</title>
	<link></link>
	<width>32</width>
	<height>32</height>
</image> 
<site xmlns="com-wordpress:feed-additions:1">117344633</site>	<item>
		<title>Innovation and the Great Global Warming Debate</title>
		<link>/2008/11/20/innovation-and-the-great-global-warming-debate/</link>
					<comments>/2008/11/20/innovation-and-the-great-global-warming-debate/#respond</comments>
		
		<dc:creator><![CDATA[VicDesotelle]]></dc:creator>
		<pubDate>Thu, 20 Nov 2008 08:30:06 +0000</pubDate>
				<category><![CDATA[* Sustainable Development]]></category>
		<category><![CDATA[Global Warming]]></category>
		<category><![CDATA[living things]]></category>
		<guid isPermaLink="false">http://discoveryfuel.com/?p=370</guid>

					<description><![CDATA[This is a great article. I like the authors that counter an anticipated perspective based on their status; in his case, as a scientist. I agree with Botkin’s perspective here. Note that the author’s points do not counter any of my other social-intellectual points made earlier. I too have as much concern for the exaggeration [&#8230;]]]></description>
		
					<wfw:commentRss>/2008/11/20/innovation-and-the-great-global-warming-debate/feed/</wfw:commentRss>
			<slash:comments>0</slash:comments>
		
		
		<post-id xmlns="com-wordpress:feed-additions:1">370</post-id>	</item>
	</channel>
</rss>
