<?xml version="1.0" encoding="UTF-8"?><rss version="2.0"
	xmlns:content="http://purl.org/rss/1.0/modules/content/"
	xmlns:wfw="http://wellformedweb.org/CommentAPI/"
	xmlns:dc="http://purl.org/dc/elements/1.1/"
	xmlns:atom="http://www.w3.org/2005/Atom"
	xmlns:sy="http://purl.org/rss/1.0/modules/syndication/"
	xmlns:slash="http://purl.org/rss/1.0/modules/slash/"
	
	xmlns:georss="http://www.georss.org/georss"
	xmlns:geo="http://www.w3.org/2003/01/geo/wgs84_pos#"
	>

<channel>
	<title>technology &#8211; VicDesotelle.com</title>
	<atom:link href="/tag/technology/feed/" rel="self" type="application/rss+xml" />
	<link></link>
	<description>Discovery Colabs, LLC - &#34;Be The Change&#34;</description>
	<lastBuildDate>Tue, 12 Jun 2018 23:20:23 +0000</lastBuildDate>
	<language>en-US</language>
	<sy:updatePeriod>
	hourly	</sy:updatePeriod>
	<sy:updateFrequency>
	1	</sy:updateFrequency>
	<generator>https://wordpress.org/?v=6.4.3</generator>

<image>
	<url>/wp-content/uploads/sites/2/2016/09/cropped-cropped-crossing-bridges-32x32.jpg</url>
	<title>technology &#8211; VicDesotelle.com</title>
	<link></link>
	<width>32</width>
	<height>32</height>
</image> 
<site xmlns="com-wordpress:feed-additions:1">117344633</site>	<item>
		<title>Web Technology as Sacred</title>
		<link>/2009/08/16/web-technology-as-sacred/</link>
					<comments>/2009/08/16/web-technology-as-sacred/#respond</comments>
		
		<dc:creator><![CDATA[VicDesotelle]]></dc:creator>
		<pubDate>Mon, 17 Aug 2009 04:09:48 +0000</pubDate>
				<category><![CDATA[* Collaborative Design]]></category>
		<category><![CDATA[* Sustainable Development]]></category>
		<category><![CDATA[brain]]></category>
		<category><![CDATA[gaia]]></category>
		<category><![CDATA[global]]></category>
		<category><![CDATA[interconnected]]></category>
		<category><![CDATA[matter]]></category>
		<category><![CDATA[meaning]]></category>
		<category><![CDATA[neural network]]></category>
		<category><![CDATA[sacred]]></category>
		<category><![CDATA[spirit]]></category>
		<category><![CDATA[technology]]></category>
		<category><![CDATA[web]]></category>
		<guid isPermaLink="false">http://discoveryfuel.com/?p=761</guid>

					<description><![CDATA[I want you to take your business hat off for a minute to read what&#8217;s below. I am about to enter the twilight zone and attempt to bring in what some may consider ridiculous or impossible. For me, what I am about to say touches on the profound, and believe it is a critical subject [&#8230;]]]></description>
		
					<wfw:commentRss>/2009/08/16/web-technology-as-sacred/feed/</wfw:commentRss>
			<slash:comments>0</slash:comments>
		
		
		<post-id xmlns="com-wordpress:feed-additions:1">761</post-id>	</item>
		<item>
		<title>Reconsidering the Meaning of &#034;New&#034; Technology</title>
		<link>/2009/02/09/reconsidering-the-meaning-of-new-technology/</link>
					<comments>/2009/02/09/reconsidering-the-meaning-of-new-technology/#respond</comments>
		
		<dc:creator><![CDATA[VicDesotelle]]></dc:creator>
		<pubDate>Mon, 09 Feb 2009 22:06:27 +0000</pubDate>
				<category><![CDATA[* Sustainable Development]]></category>
		<category><![CDATA[alternative]]></category>
		<category><![CDATA[design]]></category>
		<category><![CDATA[ecology]]></category>
		<category><![CDATA[holistic]]></category>
		<category><![CDATA[impact]]></category>
		<category><![CDATA[principles]]></category>
		<category><![CDATA[sustainability]]></category>
		<category><![CDATA[technology]]></category>
		<guid isPermaLink="false">http://discoveryfuel.com/?p=846</guid>

					<description><![CDATA[A critical piece to technological success in an emerging era of the green (or sustainable) design marketplace is to, not just create cool, cutting edge technologies, but to also define design itself differently so that technology&#8217;s underlying processes comply with the new principles of triple bottom line (sustainability) management. That is, we must redesign our [&#8230;]]]></description>
		
					<wfw:commentRss>/2009/02/09/reconsidering-the-meaning-of-new-technology/feed/</wfw:commentRss>
			<slash:comments>0</slash:comments>
		
		
		<post-id xmlns="com-wordpress:feed-additions:1">846</post-id>	</item>
		<item>
		<title>Technology&#039;s Influence on Behavior Changes</title>
		<link>/2009/01/23/technologys-influence-on-behavior-changes/</link>
					<comments>/2009/01/23/technologys-influence-on-behavior-changes/#respond</comments>
		
		<dc:creator><![CDATA[VicDesotelle]]></dc:creator>
		<pubDate>Fri, 23 Jan 2009 18:19:25 +0000</pubDate>
				<category><![CDATA[* Collaborative Design]]></category>
		<category><![CDATA[* Leadership Ecology]]></category>
		<category><![CDATA[behavior]]></category>
		<category><![CDATA[change]]></category>
		<category><![CDATA[influence]]></category>
		<category><![CDATA[online]]></category>
		<category><![CDATA[technology]]></category>
		<category><![CDATA[Virtual Collaboration]]></category>
		<guid isPermaLink="false">http://discoveryfuel.com/?p=694</guid>

					<description><![CDATA[I watched this interesting video on company and personal branding, which are often one in the same these days. Check it out because it tells an underlying tale of how technology is influencing our behavior. Additionally David Armano tells a story here of how positive interactions with his iPod has changed his &#8216;dropping&#8217; behavior. This [&#8230;]]]></description>
		
					<wfw:commentRss>/2009/01/23/technologys-influence-on-behavior-changes/feed/</wfw:commentRss>
			<slash:comments>0</slash:comments>
		
		
		<post-id xmlns="com-wordpress:feed-additions:1">694</post-id>	</item>
		<item>
		<title>The Need For Communicating About Our Communication</title>
		<link>/2008/12/29/the-need-for-communicating-about-our-communication/</link>
					<comments>/2008/12/29/the-need-for-communicating-about-our-communication/#respond</comments>
		
		<dc:creator><![CDATA[VicDesotelle]]></dc:creator>
		<pubDate>Mon, 29 Dec 2008 20:31:35 +0000</pubDate>
				<category><![CDATA[* Collaborative Design]]></category>
		<category><![CDATA[* Leadership Ecology]]></category>
		<category><![CDATA[communicate]]></category>
		<category><![CDATA[communication]]></category>
		<category><![CDATA[culture]]></category>
		<category><![CDATA[ecology]]></category>
		<category><![CDATA[human]]></category>
		<category><![CDATA[humane]]></category>
		<category><![CDATA[humanity]]></category>
		<category><![CDATA[mass]]></category>
		<category><![CDATA[technologies]]></category>
		<category><![CDATA[technology]]></category>
		<category><![CDATA[world]]></category>
		<guid isPermaLink="false">http://discoveryfuel.com/?p=558</guid>

					<description><![CDATA[Join Abhijit and I in this dialog about the evolution of &#8220;communication&#8221; &#8230; &#8212;&#8212;&#8212;&#8212;&#8212;&#8212;&#8212;&#8212;- Dec 24, 2008 AM Vic, I&#8217;ve been in the business of mass communication and making efforts to ease the man-to-man communication process. Abhijit Banerjee, 54 Calcutta India &#8212;&#8212;&#8212;&#8212;&#8212;&#8212;&#8212;&#8212;- Hello Abhijit, I am curious to learn more about your statement: &#8221; efforts [&#8230;]]]></description>
		
					<wfw:commentRss>/2008/12/29/the-need-for-communicating-about-our-communication/feed/</wfw:commentRss>
			<slash:comments>0</slash:comments>
		
		
		<post-id xmlns="com-wordpress:feed-additions:1">558</post-id>	</item>
	</channel>
</rss>
