<?xml version="1.0" encoding="UTF-8"?><rss version="2.0"
	xmlns:content="http://purl.org/rss/1.0/modules/content/"
	xmlns:wfw="http://wellformedweb.org/CommentAPI/"
	xmlns:dc="http://purl.org/dc/elements/1.1/"
	xmlns:atom="http://www.w3.org/2005/Atom"
	xmlns:sy="http://purl.org/rss/1.0/modules/syndication/"
	xmlns:slash="http://purl.org/rss/1.0/modules/slash/"
	
	xmlns:georss="http://www.georss.org/georss"
	xmlns:geo="http://www.w3.org/2003/01/geo/wgs84_pos#"
	>

<channel>
	<title>sustainability reporting sustainable innovation global reporting initiative gri &#8211; VicDesotelle.com</title>
	<atom:link href="/tag/sustainability-reporting-sustainable-innovation-global-reporting-initiative-gri/feed/" rel="self" type="application/rss+xml" />
	<link></link>
	<description>Discovery Colabs, LLC - &#34;Be The Change&#34;</description>
	<lastBuildDate>Tue, 18 Oct 2016 16:44:59 +0000</lastBuildDate>
	<language>en-US</language>
	<sy:updatePeriod>
	hourly	</sy:updatePeriod>
	<sy:updateFrequency>
	1	</sy:updateFrequency>
	<generator>https://wordpress.org/?v=6.4.3</generator>

<image>
	<url>/wp-content/uploads/sites/2/2016/09/cropped-cropped-crossing-bridges-32x32.jpg</url>
	<title>sustainability reporting sustainable innovation global reporting initiative gri &#8211; VicDesotelle.com</title>
	<link></link>
	<width>32</width>
	<height>32</height>
</image> 
<site xmlns="com-wordpress:feed-additions:1">117344633</site>	<item>
		<title>Sustainability Reporting as Anchor for Innovation</title>
		<link>/2010/12/21/sustainability-reporting-as-anchor-for-innovation/</link>
					<comments>/2010/12/21/sustainability-reporting-as-anchor-for-innovation/#respond</comments>
		
		<dc:creator><![CDATA[VicDesotelle]]></dc:creator>
		<pubDate>Wed, 22 Dec 2010 04:28:56 +0000</pubDate>
				<category><![CDATA[* Sustainable Development]]></category>
		<category><![CDATA[sustainability reporting sustainable innovation global reporting initiative gri]]></category>
		<guid isPermaLink="false">http://discoveryfuel.com/?p=529</guid>

					<description><![CDATA[The emerging &#8216;sustainability reporting&#8217; movement has begun and is growing in leaps and bounds. This process can be much more than a way to report how a company is doing regarding sustainability. More so, it becomes the anchoring point for defining what and how new forms of innovation witll emerge within the organization. Sound strategic [&#8230;]]]></description>
		
					<wfw:commentRss>/2010/12/21/sustainability-reporting-as-anchor-for-innovation/feed/</wfw:commentRss>
			<slash:comments>0</slash:comments>
		
		
		<post-id xmlns="com-wordpress:feed-additions:1">529</post-id>	</item>
	</channel>
</rss>
