<?xml version="1.0" encoding="UTF-8"?><rss version="2.0"
	xmlns:content="http://purl.org/rss/1.0/modules/content/"
	xmlns:wfw="http://wellformedweb.org/CommentAPI/"
	xmlns:dc="http://purl.org/dc/elements/1.1/"
	xmlns:atom="http://www.w3.org/2005/Atom"
	xmlns:sy="http://purl.org/rss/1.0/modules/syndication/"
	xmlns:slash="http://purl.org/rss/1.0/modules/slash/"
	
	xmlns:georss="http://www.georss.org/georss"
	xmlns:geo="http://www.w3.org/2003/01/geo/wgs84_pos#"
	>

<channel>
	<title>Leadership Ecology &#8211; VicDesotelle.com</title>
	<atom:link href="/tag/leadership-ecology/feed/" rel="self" type="application/rss+xml" />
	<link></link>
	<description>Discovery Colabs, LLC - &#34;Be The Change&#34;</description>
	<lastBuildDate>Fri, 30 Sep 2016 02:01:35 +0000</lastBuildDate>
	<language>en-US</language>
	<sy:updatePeriod>
	hourly	</sy:updatePeriod>
	<sy:updateFrequency>
	1	</sy:updateFrequency>
	<generator>https://wordpress.org/?v=6.4.3</generator>

<image>
	<url>/wp-content/uploads/sites/2/2016/09/cropped-cropped-crossing-bridges-32x32.jpg</url>
	<title>Leadership Ecology &#8211; VicDesotelle.com</title>
	<link></link>
	<width>32</width>
	<height>32</height>
</image> 
<site xmlns="com-wordpress:feed-additions:1">117344633</site>	<item>
		<title>The Ecology of Leadership: A Twist on the Idea of Professionalism</title>
		<link>/2011/11/29/a-twist-on-the-idea-of-professionalism-in-leadership/</link>
					<comments>/2011/11/29/a-twist-on-the-idea-of-professionalism-in-leadership/#respond</comments>
		
		<dc:creator><![CDATA[VicDesotelle]]></dc:creator>
		<pubDate>Tue, 29 Nov 2011 17:28:55 +0000</pubDate>
				<category><![CDATA[* Leadership Ecology]]></category>
		<category><![CDATA[Add new tag]]></category>
		<category><![CDATA[compassion]]></category>
		<category><![CDATA[ecology]]></category>
		<category><![CDATA[ecology of leadership]]></category>
		<category><![CDATA[lead]]></category>
		<category><![CDATA[leadership]]></category>
		<category><![CDATA[Leadership Ecology]]></category>
		<category><![CDATA[professional]]></category>
		<category><![CDATA[professionalism]]></category>
		<guid isPermaLink="false">http://discoveryfuel.com/?p=653</guid>

					<description><![CDATA[<p><img data-tf-not-load="1" fetchpriority="high" loading="auto" decoding="auto" width="400" height="400" src="/wp-content/uploads/sites/2/2011/11/TwistedLimit.jpg" class="attachment-full size-full wp-post-image" alt="" decoding="async" fetchpriority="high" srcset="/wp-content/uploads/sites/2/2011/11/TwistedLimit.jpg 400w, /wp-content/uploads/sites/2/2011/11/TwistedLimit-150x150.jpg 150w, /wp-content/uploads/sites/2/2011/11/TwistedLimit-300x300.jpg 300w, /wp-content/uploads/sites/2/2011/11/TwistedLimit-47x48.jpg 47w" sizes="(max-width: 400px) 100vw, 400px" /></p>In our attempt to be &#8216;professional&#8217;, it seems that our society has become afraid of our own human-ness. Have we lost our sense of how to be with each other in the messiness of our humanity? I was reading my LinkedIn Groups this morning and came across Mike Smith’s ‘Life Back West’ thoughts on people, [&#8230;]]]></description>
		
					<wfw:commentRss>/2011/11/29/a-twist-on-the-idea-of-professionalism-in-leadership/feed/</wfw:commentRss>
			<slash:comments>0</slash:comments>
		
		
		<post-id xmlns="com-wordpress:feed-additions:1">653</post-id>	</item>
		<item>
		<title>A Practical Theory On Leadership &#038; Collaboration &#8211; &#8216;The Shirtless Dancing Guy&#8217;</title>
		<link>/2010/05/28/the-shirtless-dancing-guy-a-pratical-theory-on-leadership/</link>
					<comments>/2010/05/28/the-shirtless-dancing-guy-a-pratical-theory-on-leadership/#respond</comments>
		
		<dc:creator><![CDATA[VicDesotelle]]></dc:creator>
		<pubDate>Fri, 28 May 2010 18:59:41 +0000</pubDate>
				<category><![CDATA[* Collaborative Design]]></category>
		<category><![CDATA[* Leadership Ecology]]></category>
		<category><![CDATA[* Organizational Learning]]></category>
		<category><![CDATA[change]]></category>
		<category><![CDATA[culture]]></category>
		<category><![CDATA[followers]]></category>
		<category><![CDATA[leaders]]></category>
		<category><![CDATA[Leadership Ecology]]></category>
		<category><![CDATA[movements]]></category>
		<guid isPermaLink="false">http://discoveryfuel.com/?p=4913</guid>

					<description><![CDATA[I got this video off of Charles Lemos&#8217; site and was referred to it by Ben Roberts&#8217; Facebook conversation. Derek Sivers gave this presentation at the TED Conference this week and got a standing ovation. It&#8217;s pretty brilliant in its takeaway. The video below is a healthy perspective on the collective&#8217;s role in leadership, especially [&#8230;]]]></description>
		
					<wfw:commentRss>/2010/05/28/the-shirtless-dancing-guy-a-pratical-theory-on-leadership/feed/</wfw:commentRss>
			<slash:comments>0</slash:comments>
		
		
		<post-id xmlns="com-wordpress:feed-additions:1">4913</post-id>	</item>
		<item>
		<title>Vic on Team Building</title>
		<link>/2008/10/06/vic-on-team-building/</link>
					<comments>/2008/10/06/vic-on-team-building/#respond</comments>
		
		<dc:creator><![CDATA[VicDesotelle]]></dc:creator>
		<pubDate>Tue, 07 Oct 2008 02:30:51 +0000</pubDate>
				<category><![CDATA[* Collaborative Design]]></category>
		<category><![CDATA[* Leadership Ecology]]></category>
		<category><![CDATA[build]]></category>
		<category><![CDATA[collaboration]]></category>
		<category><![CDATA[development]]></category>
		<category><![CDATA[discovery]]></category>
		<category><![CDATA[Innovation]]></category>
		<category><![CDATA[Leadership Ecology]]></category>
		<category><![CDATA[projects]]></category>
		<category><![CDATA[sustained]]></category>
		<category><![CDATA[teams]]></category>
		<category><![CDATA[workplace]]></category>
		<guid isPermaLink="false">http://discoveryfuel.com/?p=136</guid>

					<description><![CDATA[Allow me to set the context for this section of my blog. For me, team building is a highly important aspect of any organization&#8217;s development. Very few of you will argue me that. However, I propose that it is rare to see team building as a process that is directly integrated into the work that [&#8230;]]]></description>
		
					<wfw:commentRss>/2008/10/06/vic-on-team-building/feed/</wfw:commentRss>
			<slash:comments>0</slash:comments>
		
		
		<post-id xmlns="com-wordpress:feed-additions:1">6174</post-id>	</item>
	</channel>
</rss>
