<?xml version="1.0" encoding="UTF-8"?><rss version="2.0"
	xmlns:content="http://purl.org/rss/1.0/modules/content/"
	xmlns:wfw="http://wellformedweb.org/CommentAPI/"
	xmlns:dc="http://purl.org/dc/elements/1.1/"
	xmlns:atom="http://www.w3.org/2005/Atom"
	xmlns:sy="http://purl.org/rss/1.0/modules/syndication/"
	xmlns:slash="http://purl.org/rss/1.0/modules/slash/"
	
	xmlns:georss="http://www.georss.org/georss"
	xmlns:geo="http://www.w3.org/2003/01/geo/wgs84_pos#"
	>

<channel>
	<title>truth &#8211; VicDesotelle.com</title>
	<atom:link href="/tag/truth/feed/" rel="self" type="application/rss+xml" />
	<link></link>
	<description>Discovery Colabs, LLC - &#34;Be The Change&#34;</description>
	<lastBuildDate>Wed, 19 May 2021 20:15:11 +0000</lastBuildDate>
	<language>en-US</language>
	<sy:updatePeriod>
	hourly	</sy:updatePeriod>
	<sy:updateFrequency>
	1	</sy:updateFrequency>
	<generator>https://wordpress.org/?v=6.4.3</generator>

<image>
	<url>/wp-content/uploads/sites/2/2016/09/cropped-cropped-crossing-bridges-32x32.jpg</url>
	<title>truth &#8211; VicDesotelle.com</title>
	<link></link>
	<width>32</width>
	<height>32</height>
</image> 
<site xmlns="com-wordpress:feed-additions:1">117344633</site>	<item>
		<title>The Art of Authentic Leadership</title>
		<link>/2011/12/20/authentic-leadership-coaching-for-coaches-executives-and-managers/</link>
					<comments>/2011/12/20/authentic-leadership-coaching-for-coaches-executives-and-managers/#respond</comments>
		
		<dc:creator><![CDATA[VicDesotelle]]></dc:creator>
		<pubDate>Tue, 20 Dec 2011 19:58:36 +0000</pubDate>
				<category><![CDATA[* Leadership Ecology]]></category>
		<category><![CDATA[* Social Innovation]]></category>
		<category><![CDATA[Favorites]]></category>
		<category><![CDATA[authentic]]></category>
		<category><![CDATA[authenticity]]></category>
		<category><![CDATA[ceo]]></category>
		<category><![CDATA[chief coach]]></category>
		<category><![CDATA[coaches]]></category>
		<category><![CDATA[coaching]]></category>
		<category><![CDATA[ethics]]></category>
		<category><![CDATA[executive executives]]></category>
		<category><![CDATA[leader]]></category>
		<category><![CDATA[leaders]]></category>
		<category><![CDATA[leadership]]></category>
		<category><![CDATA[manage]]></category>
		<category><![CDATA[managers]]></category>
		<category><![CDATA[meaning]]></category>
		<category><![CDATA[meaningfulness meaningfulness]]></category>
		<category><![CDATA[morality]]></category>
		<category><![CDATA[morals]]></category>
		<category><![CDATA[officer]]></category>
		<category><![CDATA[officers]]></category>
		<category><![CDATA[team]]></category>
		<category><![CDATA[teams]]></category>
		<category><![CDATA[teamwork]]></category>
		<category><![CDATA[train]]></category>
		<category><![CDATA[training]]></category>
		<category><![CDATA[truth]]></category>
		<category><![CDATA[uncoach]]></category>
		<category><![CDATA[uncoached]]></category>
		<category><![CDATA[uncoaching]]></category>
		<category><![CDATA[values]]></category>
		<guid isPermaLink="false">http://discoveryfuel.com/?p=4993</guid>

					<description><![CDATA[<p><img data-tf-not-load="1" fetchpriority="high" loading="auto" decoding="auto" width="150" height="150" src="/wp-content/uploads/sites/2/2011/12/mirrormirror150x150.jpg" class="attachment-full size-full wp-post-image" alt="" decoding="async" srcset="/wp-content/uploads/sites/2/2011/12/mirrormirror150x150.jpg 150w, /wp-content/uploads/sites/2/2011/12/mirrormirror150x150-47x48.jpg 47w" sizes="(max-width: 150px) 100vw, 150px" /></p>How To Become An Authentic Leader By Vic Desotelle Authentic Leadership is for those whochoose to ‘BE change’ as the way to ‘SEE change’ ____________________________ Authenticity as Prerequisite for Leadership Today’s growing global problems can not be solved using the same methods that created them in the first place. Thus, we must evolve our approaches [&#8230;]]]></description>
		
					<wfw:commentRss>/2011/12/20/authentic-leadership-coaching-for-coaches-executives-and-managers/feed/</wfw:commentRss>
			<slash:comments>0</slash:comments>
		
		
		<post-id xmlns="com-wordpress:feed-additions:1">4993</post-id>	</item>
		<item>
		<title>The Notion of Right and Wrong &#8230; is Wrong</title>
		<link>/2010/06/07/the-notion-of-right-and-wrong-is-wrong/</link>
					<comments>/2010/06/07/the-notion-of-right-and-wrong-is-wrong/#respond</comments>
		
		<dc:creator><![CDATA[VicDesotelle]]></dc:creator>
		<pubDate>Tue, 08 Jun 2010 04:02:48 +0000</pubDate>
				<category><![CDATA[* Collaborative Design]]></category>
		<category><![CDATA[* Leadership Ecology]]></category>
		<category><![CDATA[beliefs]]></category>
		<category><![CDATA[misguided]]></category>
		<category><![CDATA[right]]></category>
		<category><![CDATA[truth]]></category>
		<category><![CDATA[wrong]]></category>
		<guid isPermaLink="false">http://discoveryfuel.com/?p=4944</guid>

					<description><![CDATA[The primary principle of innovation is this. It is being able to consider and change our &#8216;notions&#8217;; our so-called facts of our experiences; our factual claims; into something new that goes beyond our own individual reality. The statement of this work is at the foundation of collaboration and discovery. He speaks of science and the [&#8230;]]]></description>
		
					<wfw:commentRss>/2010/06/07/the-notion-of-right-and-wrong-is-wrong/feed/</wfw:commentRss>
			<slash:comments>0</slash:comments>
		
		
		<post-id xmlns="com-wordpress:feed-additions:1">4944</post-id>	</item>
		<item>
		<title>Our Truths Are Based On Internal Beliefs That Are Too Often Wrong</title>
		<link>/2010/06/30/our-truths-are-based-on-internal-beliefs-that-are-too-often-wrong/</link>
					<comments>/2010/06/30/our-truths-are-based-on-internal-beliefs-that-are-too-often-wrong/#respond</comments>
		
		<dc:creator><![CDATA[VicDesotelle]]></dc:creator>
		<pubDate>Wed, 30 Jun 2010 16:54:41 +0000</pubDate>
				<category><![CDATA[* Leadership Ecology]]></category>
		<category><![CDATA[beliefs]]></category>
		<category><![CDATA[leadership]]></category>
		<category><![CDATA[truth]]></category>
		<guid isPermaLink="false">http://discoveryfuel.com/?p=4959</guid>

					<description><![CDATA[Here&#8217; an important message to our leaders and decision makers: Assume that your truths and beliefs are an Illusion. . Consider how our brain works &#8230; Watch what happens to your belief system as you stare at this image. 1-Follow the moving pink dot: What do you see? 2-Look at the middle black cross. Now [&#8230;]]]></description>
		
					<wfw:commentRss>/2010/06/30/our-truths-are-based-on-internal-beliefs-that-are-too-often-wrong/feed/</wfw:commentRss>
			<slash:comments>0</slash:comments>
		
		
		<post-id xmlns="com-wordpress:feed-additions:1">4959</post-id>	</item>
	</channel>
</rss>
