<?xml version="1.0" encoding="UTF-8"?><rss version="2.0"
	xmlns:content="http://purl.org/rss/1.0/modules/content/"
	xmlns:wfw="http://wellformedweb.org/CommentAPI/"
	xmlns:dc="http://purl.org/dc/elements/1.1/"
	xmlns:atom="http://www.w3.org/2005/Atom"
	xmlns:sy="http://purl.org/rss/1.0/modules/syndication/"
	xmlns:slash="http://purl.org/rss/1.0/modules/slash/"
	
	xmlns:georss="http://www.georss.org/georss"
	xmlns:geo="http://www.w3.org/2003/01/geo/wgs84_pos#"
	>

<channel>
	<title>system &#8211; VicDesotelle.com</title>
	<atom:link href="/tag/system/feed/" rel="self" type="application/rss+xml" />
	<link></link>
	<description>Discovery Colabs, LLC - &#34;Be The Change&#34;</description>
	<lastBuildDate>Mon, 10 Sep 2012 16:04:47 +0000</lastBuildDate>
	<language>en-US</language>
	<sy:updatePeriod>
	hourly	</sy:updatePeriod>
	<sy:updateFrequency>
	1	</sy:updateFrequency>
	<generator>https://wordpress.org/?v=6.4.3</generator>

<image>
	<url>/wp-content/uploads/sites/2/2016/09/cropped-cropped-crossing-bridges-32x32.jpg</url>
	<title>system &#8211; VicDesotelle.com</title>
	<link></link>
	<width>32</width>
	<height>32</height>
</image> 
<site xmlns="com-wordpress:feed-additions:1">117344633</site>	<item>
		<title>Living Strategies: Bringing Innovation To Life</title>
		<link>/2008/12/22/living-strategies-bringing-innovation-to-life/</link>
					<comments>/2008/12/22/living-strategies-bringing-innovation-to-life/#respond</comments>
		
		<dc:creator><![CDATA[VicDesotelle]]></dc:creator>
		<pubDate>Mon, 22 Dec 2008 12:31:57 +0000</pubDate>
				<category><![CDATA[* Leadership Ecology]]></category>
		<category><![CDATA[* Social Innovation]]></category>
		<category><![CDATA[* Sustainable Development]]></category>
		<category><![CDATA[community]]></category>
		<category><![CDATA[complex]]></category>
		<category><![CDATA[ecological]]></category>
		<category><![CDATA[Living Strategies]]></category>
		<category><![CDATA[organization]]></category>
		<category><![CDATA[system]]></category>
		<category><![CDATA[Ward]]></category>
		<guid isPermaLink="false">http://discoveryfuel.com/?p=382</guid>

					<description><![CDATA[Guiding Your Organization Through The Rugged Landscape Ahead By Arian Ward of Community Frontiers As we all know well, the world has changed dramatically since the times when traditional strategic planning first became the foundation on which organizations of all types are based. The landscape on which organizations operated then was relatively predictable, stable, and [&#8230;]]]></description>
		
					<wfw:commentRss>/2008/12/22/living-strategies-bringing-innovation-to-life/feed/</wfw:commentRss>
			<slash:comments>0</slash:comments>
		
		
		<post-id xmlns="com-wordpress:feed-additions:1">382</post-id>	</item>
	</channel>
</rss>
