<?xml version="1.0" encoding="UTF-8"?><rss version="2.0"
	xmlns:content="http://purl.org/rss/1.0/modules/content/"
	xmlns:wfw="http://wellformedweb.org/CommentAPI/"
	xmlns:dc="http://purl.org/dc/elements/1.1/"
	xmlns:atom="http://www.w3.org/2005/Atom"
	xmlns:sy="http://purl.org/rss/1.0/modules/syndication/"
	xmlns:slash="http://purl.org/rss/1.0/modules/slash/"
	
	xmlns:georss="http://www.georss.org/georss"
	xmlns:geo="http://www.w3.org/2003/01/geo/wgs84_pos#"
	>

<channel>
	<title>Best Seller &#8211; VicDesotelle.com</title>
	<atom:link href="/tag/best-seller/feed/" rel="self" type="application/rss+xml" />
	<link></link>
	<description>Discovery Colabs, LLC - &#34;Be The Change&#34;</description>
	<lastBuildDate>Thu, 05 Jan 2012 19:22:25 +0000</lastBuildDate>
	<language>en-US</language>
	<sy:updatePeriod>
	hourly	</sy:updatePeriod>
	<sy:updateFrequency>
	1	</sy:updateFrequency>
	<generator>https://wordpress.org/?v=6.4.3</generator>

<image>
	<url>/wp-content/uploads/sites/2/2016/09/cropped-cropped-crossing-bridges-32x32.jpg</url>
	<title>Best Seller &#8211; VicDesotelle.com</title>
	<link></link>
	<width>32</width>
	<height>32</height>
</image> 
<site xmlns="com-wordpress:feed-additions:1">117344633</site>	<item>
		<title>Collective Intelligence and Collective Wisdom</title>
		<link>/2009/05/26/collective-intelligence-and-collective-wisdom/</link>
					<comments>/2009/05/26/collective-intelligence-and-collective-wisdom/#respond</comments>
		
		<dc:creator><![CDATA[VicDesotelle]]></dc:creator>
		<pubDate>Tue, 26 May 2009 16:05:19 +0000</pubDate>
				<category><![CDATA[* Collaborative Design]]></category>
		<category><![CDATA[* Leadership Ecology]]></category>
		<category><![CDATA[* Organizational Learning]]></category>
		<category><![CDATA[Best Seller]]></category>
		<category><![CDATA[Living Organism]]></category>
		<category><![CDATA[Machine Model]]></category>
		<guid isPermaLink="false">http://discoveryfuel.com/sustainable-innovation/collective-intelligence-and-collective-wisdom/</guid>

					<description><![CDATA[“Change” has been the big topic of conversation for some time now. For the most part, the change that everyone writes about and talks about is economic change. There has been much written about the change from a manufacturing economy to a service economy and there has been much written about the movement of manufacturing [&#8230;]]]></description>
		
					<wfw:commentRss>/2009/05/26/collective-intelligence-and-collective-wisdom/feed/</wfw:commentRss>
			<slash:comments>0</slash:comments>
		
		
		<post-id xmlns="com-wordpress:feed-additions:1">1862</post-id>	</item>
	</channel>
</rss>
