<?xml version="1.0" encoding="UTF-8"?><rss version="2.0"
	xmlns:content="http://purl.org/rss/1.0/modules/content/"
	xmlns:wfw="http://wellformedweb.org/CommentAPI/"
	xmlns:dc="http://purl.org/dc/elements/1.1/"
	xmlns:atom="http://www.w3.org/2005/Atom"
	xmlns:sy="http://purl.org/rss/1.0/modules/syndication/"
	xmlns:slash="http://purl.org/rss/1.0/modules/slash/"
	
	xmlns:georss="http://www.georss.org/georss"
	xmlns:geo="http://www.w3.org/2003/01/geo/wgs84_pos#"
	>

<channel>
	<title>ecology &#8211; VicDesotelle.com</title>
	<atom:link href="/tag/ecology/feed/" rel="self" type="application/rss+xml" />
	<link></link>
	<description>Discovery Colabs, LLC - &#34;Be The Change&#34;</description>
	<lastBuildDate>Wed, 18 Aug 2021 16:50:18 +0000</lastBuildDate>
	<language>en-US</language>
	<sy:updatePeriod>
	hourly	</sy:updatePeriod>
	<sy:updateFrequency>
	1	</sy:updateFrequency>
	<generator>https://wordpress.org/?v=6.4.3</generator>

<image>
	<url>/wp-content/uploads/sites/2/2016/09/cropped-cropped-crossing-bridges-32x32.jpg</url>
	<title>ecology &#8211; VicDesotelle.com</title>
	<link></link>
	<width>32</width>
	<height>32</height>
</image> 
<site xmlns="com-wordpress:feed-additions:1">117344633</site>	<item>
		<title>The Ecology of Leadership: A Twist on the Idea of Professionalism</title>
		<link>/2011/11/29/a-twist-on-the-idea-of-professionalism-in-leadership/</link>
					<comments>/2011/11/29/a-twist-on-the-idea-of-professionalism-in-leadership/#respond</comments>
		
		<dc:creator><![CDATA[VicDesotelle]]></dc:creator>
		<pubDate>Tue, 29 Nov 2011 17:28:55 +0000</pubDate>
				<category><![CDATA[* Leadership Ecology]]></category>
		<category><![CDATA[Add new tag]]></category>
		<category><![CDATA[compassion]]></category>
		<category><![CDATA[ecology]]></category>
		<category><![CDATA[ecology of leadership]]></category>
		<category><![CDATA[lead]]></category>
		<category><![CDATA[leadership]]></category>
		<category><![CDATA[Leadership Ecology]]></category>
		<category><![CDATA[professional]]></category>
		<category><![CDATA[professionalism]]></category>
		<guid isPermaLink="false">http://discoveryfuel.com/?p=653</guid>

					<description><![CDATA[<p><img data-tf-not-load="1" fetchpriority="high" loading="auto" decoding="auto" width="400" height="400" src="/wp-content/uploads/sites/2/2011/11/TwistedLimit.jpg" class="attachment-full size-full wp-post-image" alt="" decoding="async" fetchpriority="high" srcset="/wp-content/uploads/sites/2/2011/11/TwistedLimit.jpg 400w, /wp-content/uploads/sites/2/2011/11/TwistedLimit-150x150.jpg 150w, /wp-content/uploads/sites/2/2011/11/TwistedLimit-300x300.jpg 300w, /wp-content/uploads/sites/2/2011/11/TwistedLimit-47x48.jpg 47w" sizes="(max-width: 400px) 100vw, 400px" /></p>In our attempt to be &#8216;professional&#8217;, it seems that our society has become afraid of our own human-ness. Have we lost our sense of how to be with each other in the messiness of our humanity? I was reading my LinkedIn Groups this morning and came across Mike Smith’s ‘Life Back West’ thoughts on people, [&#8230;]]]></description>
		
					<wfw:commentRss>/2011/11/29/a-twist-on-the-idea-of-professionalism-in-leadership/feed/</wfw:commentRss>
			<slash:comments>0</slash:comments>
		
		
		<post-id xmlns="com-wordpress:feed-additions:1">653</post-id>	</item>
		<item>
		<title>Ecological Design Principles</title>
		<link>/2008/12/06/ecological-design-principles/</link>
					<comments>/2008/12/06/ecological-design-principles/#respond</comments>
		
		<dc:creator><![CDATA[VicDesotelle]]></dc:creator>
		<pubDate>Sat, 06 Dec 2008 12:11:41 +0000</pubDate>
				<category><![CDATA[* Collaborative Design]]></category>
		<category><![CDATA[* Sustainable Development]]></category>
		<category><![CDATA[balance]]></category>
		<category><![CDATA[boundaries]]></category>
		<category><![CDATA[Capra]]></category>
		<category><![CDATA[cycle]]></category>
		<category><![CDATA[design]]></category>
		<category><![CDATA[dynamic]]></category>
		<category><![CDATA[ecological]]></category>
		<category><![CDATA[ecology]]></category>
		<category><![CDATA[holistic]]></category>
		<category><![CDATA[model]]></category>
		<category><![CDATA[principles]]></category>
		<category><![CDATA[systems]]></category>
		<guid isPermaLink="false">http://discoveryfuel.com/?p=374</guid>

					<description><![CDATA[<p><img data-tf-not-load="1" width="659" height="949" src="/wp-content/uploads/sites/2/2008/12/CapraEcologicalDesignPrinciples.jpg" class="attachment-full size-full wp-post-image" alt="" decoding="async" srcset="/wp-content/uploads/sites/2/2008/12/CapraEcologicalDesignPrinciples.jpg 659w, /wp-content/uploads/sites/2/2008/12/CapraEcologicalDesignPrinciples-208x300.jpg 208w" sizes="(max-width: 659px) 100vw, 659px" /></p>Principles of EcologyFrom the Center for Ecoliteracy (By Fritjof Capra) 1-Networks*Interdependence, Diversity, and Complexity* The members of an ecosystem are interconnected in a vast network of relationships in which all life processes are interdependent and achieve stability through a diversity of linkages. 2-Boundaries*Scale and Limits* At all scales of nature, we find living systems nesting [&#8230;]]]></description>
		
					<wfw:commentRss>/2008/12/06/ecological-design-principles/feed/</wfw:commentRss>
			<slash:comments>0</slash:comments>
		
		
		<post-id xmlns="com-wordpress:feed-additions:1">374</post-id>	</item>
		<item>
		<title>Reconsidering the Meaning of &#034;New&#034; Technology</title>
		<link>/2009/02/09/reconsidering-the-meaning-of-new-technology/</link>
					<comments>/2009/02/09/reconsidering-the-meaning-of-new-technology/#respond</comments>
		
		<dc:creator><![CDATA[VicDesotelle]]></dc:creator>
		<pubDate>Mon, 09 Feb 2009 22:06:27 +0000</pubDate>
				<category><![CDATA[* Sustainable Development]]></category>
		<category><![CDATA[alternative]]></category>
		<category><![CDATA[design]]></category>
		<category><![CDATA[ecology]]></category>
		<category><![CDATA[holistic]]></category>
		<category><![CDATA[impact]]></category>
		<category><![CDATA[principles]]></category>
		<category><![CDATA[sustainability]]></category>
		<category><![CDATA[technology]]></category>
		<guid isPermaLink="false">http://discoveryfuel.com/?p=846</guid>

					<description><![CDATA[A critical piece to technological success in an emerging era of the green (or sustainable) design marketplace is to, not just create cool, cutting edge technologies, but to also define design itself differently so that technology&#8217;s underlying processes comply with the new principles of triple bottom line (sustainability) management. That is, we must redesign our [&#8230;]]]></description>
		
					<wfw:commentRss>/2009/02/09/reconsidering-the-meaning-of-new-technology/feed/</wfw:commentRss>
			<slash:comments>0</slash:comments>
		
		
		<post-id xmlns="com-wordpress:feed-additions:1">846</post-id>	</item>
		<item>
		<title>The Need For Communicating About Our Communication</title>
		<link>/2008/12/29/the-need-for-communicating-about-our-communication/</link>
					<comments>/2008/12/29/the-need-for-communicating-about-our-communication/#respond</comments>
		
		<dc:creator><![CDATA[VicDesotelle]]></dc:creator>
		<pubDate>Mon, 29 Dec 2008 20:31:35 +0000</pubDate>
				<category><![CDATA[* Collaborative Design]]></category>
		<category><![CDATA[* Leadership Ecology]]></category>
		<category><![CDATA[communicate]]></category>
		<category><![CDATA[communication]]></category>
		<category><![CDATA[culture]]></category>
		<category><![CDATA[ecology]]></category>
		<category><![CDATA[human]]></category>
		<category><![CDATA[humane]]></category>
		<category><![CDATA[humanity]]></category>
		<category><![CDATA[mass]]></category>
		<category><![CDATA[technologies]]></category>
		<category><![CDATA[technology]]></category>
		<category><![CDATA[world]]></category>
		<guid isPermaLink="false">http://discoveryfuel.com/?p=558</guid>

					<description><![CDATA[Join Abhijit and I in this dialog about the evolution of &#8220;communication&#8221; &#8230; &#8212;&#8212;&#8212;&#8212;&#8212;&#8212;&#8212;&#8212;- Dec 24, 2008 AM Vic, I&#8217;ve been in the business of mass communication and making efforts to ease the man-to-man communication process. Abhijit Banerjee, 54 Calcutta India &#8212;&#8212;&#8212;&#8212;&#8212;&#8212;&#8212;&#8212;- Hello Abhijit, I am curious to learn more about your statement: &#8221; efforts [&#8230;]]]></description>
		
					<wfw:commentRss>/2008/12/29/the-need-for-communicating-about-our-communication/feed/</wfw:commentRss>
			<slash:comments>0</slash:comments>
		
		
		<post-id xmlns="com-wordpress:feed-additions:1">558</post-id>	</item>
	</channel>
</rss>
