<?xml version="1.0" encoding="UTF-8"?><rss version="2.0"
	xmlns:content="http://purl.org/rss/1.0/modules/content/"
	xmlns:wfw="http://wellformedweb.org/CommentAPI/"
	xmlns:dc="http://purl.org/dc/elements/1.1/"
	xmlns:atom="http://www.w3.org/2005/Atom"
	xmlns:sy="http://purl.org/rss/1.0/modules/syndication/"
	xmlns:slash="http://purl.org/rss/1.0/modules/slash/"
	
	xmlns:georss="http://www.georss.org/georss"
	xmlns:geo="http://www.w3.org/2003/01/geo/wgs84_pos#"
	>

<channel>
	<title>online &#8211; VicDesotelle.com</title>
	<atom:link href="/tag/online/feed/" rel="self" type="application/rss+xml" />
	<link></link>
	<description>Discovery Colabs, LLC - &#34;Be The Change&#34;</description>
	<lastBuildDate>Tue, 12 Jun 2018 23:20:23 +0000</lastBuildDate>
	<language>en-US</language>
	<sy:updatePeriod>
	hourly	</sy:updatePeriod>
	<sy:updateFrequency>
	1	</sy:updateFrequency>
	<generator>https://wordpress.org/?v=6.4.3</generator>

<image>
	<url>/wp-content/uploads/sites/2/2016/09/cropped-cropped-crossing-bridges-32x32.jpg</url>
	<title>online &#8211; VicDesotelle.com</title>
	<link></link>
	<width>32</width>
	<height>32</height>
</image> 
<site xmlns="com-wordpress:feed-additions:1">117344633</site>	<item>
		<title>Technology&#039;s Influence on Behavior Changes</title>
		<link>/2009/01/23/technologys-influence-on-behavior-changes/</link>
					<comments>/2009/01/23/technologys-influence-on-behavior-changes/#respond</comments>
		
		<dc:creator><![CDATA[VicDesotelle]]></dc:creator>
		<pubDate>Fri, 23 Jan 2009 18:19:25 +0000</pubDate>
				<category><![CDATA[* Collaborative Design]]></category>
		<category><![CDATA[* Leadership Ecology]]></category>
		<category><![CDATA[behavior]]></category>
		<category><![CDATA[change]]></category>
		<category><![CDATA[influence]]></category>
		<category><![CDATA[online]]></category>
		<category><![CDATA[technology]]></category>
		<category><![CDATA[Virtual Collaboration]]></category>
		<guid isPermaLink="false">http://discoveryfuel.com/?p=694</guid>

					<description><![CDATA[I watched this interesting video on company and personal branding, which are often one in the same these days. Check it out because it tells an underlying tale of how technology is influencing our behavior. Additionally David Armano tells a story here of how positive interactions with his iPod has changed his &#8216;dropping&#8217; behavior. This [&#8230;]]]></description>
		
					<wfw:commentRss>/2009/01/23/technologys-influence-on-behavior-changes/feed/</wfw:commentRss>
			<slash:comments>0</slash:comments>
		
		
		<post-id xmlns="com-wordpress:feed-additions:1">694</post-id>	</item>
	</channel>
</rss>
