<?xml version="1.0" encoding="UTF-8"?><rss version="2.0"
	xmlns:content="http://purl.org/rss/1.0/modules/content/"
	xmlns:wfw="http://wellformedweb.org/CommentAPI/"
	xmlns:dc="http://purl.org/dc/elements/1.1/"
	xmlns:atom="http://www.w3.org/2005/Atom"
	xmlns:sy="http://purl.org/rss/1.0/modules/syndication/"
	xmlns:slash="http://purl.org/rss/1.0/modules/slash/"
	
	xmlns:georss="http://www.georss.org/georss"
	xmlns:geo="http://www.w3.org/2003/01/geo/wgs84_pos#"
	>

<channel>
	<title>change &#8211; VicDesotelle.com</title>
	<atom:link href="/tag/change/feed/" rel="self" type="application/rss+xml" />
	<link></link>
	<description>Discovery Colabs, LLC - &#34;Be The Change&#34;</description>
	<lastBuildDate>Tue, 12 Jun 2018 23:20:23 +0000</lastBuildDate>
	<language>en-US</language>
	<sy:updatePeriod>
	hourly	</sy:updatePeriod>
	<sy:updateFrequency>
	1	</sy:updateFrequency>
	<generator>https://wordpress.org/?v=6.4.3</generator>

<image>
	<url>/wp-content/uploads/sites/2/2016/09/cropped-cropped-crossing-bridges-32x32.jpg</url>
	<title>change &#8211; VicDesotelle.com</title>
	<link></link>
	<width>32</width>
	<height>32</height>
</image> 
<site xmlns="com-wordpress:feed-additions:1">117344633</site>	<item>
		<title>A Practical Theory On Leadership &#038; Collaboration &#8211; &#8216;The Shirtless Dancing Guy&#8217;</title>
		<link>/2010/05/28/the-shirtless-dancing-guy-a-pratical-theory-on-leadership/</link>
					<comments>/2010/05/28/the-shirtless-dancing-guy-a-pratical-theory-on-leadership/#respond</comments>
		
		<dc:creator><![CDATA[VicDesotelle]]></dc:creator>
		<pubDate>Fri, 28 May 2010 18:59:41 +0000</pubDate>
				<category><![CDATA[* Collaborative Design]]></category>
		<category><![CDATA[* Leadership Ecology]]></category>
		<category><![CDATA[* Organizational Learning]]></category>
		<category><![CDATA[change]]></category>
		<category><![CDATA[culture]]></category>
		<category><![CDATA[followers]]></category>
		<category><![CDATA[leaders]]></category>
		<category><![CDATA[Leadership Ecology]]></category>
		<category><![CDATA[movements]]></category>
		<guid isPermaLink="false">http://discoveryfuel.com/?p=4913</guid>

					<description><![CDATA[I got this video off of Charles Lemos&#8217; site and was referred to it by Ben Roberts&#8217; Facebook conversation. Derek Sivers gave this presentation at the TED Conference this week and got a standing ovation. It&#8217;s pretty brilliant in its takeaway. The video below is a healthy perspective on the collective&#8217;s role in leadership, especially [&#8230;]]]></description>
		
					<wfw:commentRss>/2010/05/28/the-shirtless-dancing-guy-a-pratical-theory-on-leadership/feed/</wfw:commentRss>
			<slash:comments>0</slash:comments>
		
		
		<post-id xmlns="com-wordpress:feed-additions:1">4913</post-id>	</item>
		<item>
		<title>Vic on Creative Learning</title>
		<link>/2008/10/05/vic-on-creative-learning/</link>
					<comments>/2008/10/05/vic-on-creative-learning/#respond</comments>
		
		<dc:creator><![CDATA[VicDesotelle]]></dc:creator>
		<pubDate>Mon, 06 Oct 2008 04:46:01 +0000</pubDate>
				<category><![CDATA[* Collaborative Design]]></category>
		<category><![CDATA[change]]></category>
		<category><![CDATA[Collaborative Design]]></category>
		<category><![CDATA[education]]></category>
		<category><![CDATA[Innovation]]></category>
		<category><![CDATA[learn]]></category>
		<guid isPermaLink="false">http://discoveryfuel.com/?p=84</guid>

					<description><![CDATA[Let&#8217;s set the stage for what will be discussed here: What does this subject have to do with anything outside of a school environment? Well allow me to elaborate &#8230; The world has changed. Noooo, the world is not &#8216;about&#8217; to change, it HAS changed. And the way we learn no longer fits into the [&#8230;]]]></description>
		
					<wfw:commentRss>/2008/10/05/vic-on-creative-learning/feed/</wfw:commentRss>
			<slash:comments>0</slash:comments>
		
		
		<post-id xmlns="com-wordpress:feed-additions:1">6172</post-id>	</item>
		<item>
		<title>Technology&#039;s Influence on Behavior Changes</title>
		<link>/2009/01/23/technologys-influence-on-behavior-changes/</link>
					<comments>/2009/01/23/technologys-influence-on-behavior-changes/#respond</comments>
		
		<dc:creator><![CDATA[VicDesotelle]]></dc:creator>
		<pubDate>Fri, 23 Jan 2009 18:19:25 +0000</pubDate>
				<category><![CDATA[* Collaborative Design]]></category>
		<category><![CDATA[* Leadership Ecology]]></category>
		<category><![CDATA[behavior]]></category>
		<category><![CDATA[change]]></category>
		<category><![CDATA[influence]]></category>
		<category><![CDATA[online]]></category>
		<category><![CDATA[technology]]></category>
		<category><![CDATA[Virtual Collaboration]]></category>
		<guid isPermaLink="false">http://discoveryfuel.com/?p=694</guid>

					<description><![CDATA[I watched this interesting video on company and personal branding, which are often one in the same these days. Check it out because it tells an underlying tale of how technology is influencing our behavior. Additionally David Armano tells a story here of how positive interactions with his iPod has changed his &#8216;dropping&#8217; behavior. This [&#8230;]]]></description>
		
					<wfw:commentRss>/2009/01/23/technologys-influence-on-behavior-changes/feed/</wfw:commentRss>
			<slash:comments>0</slash:comments>
		
		
		<post-id xmlns="com-wordpress:feed-additions:1">694</post-id>	</item>
	</channel>
</rss>
