<?xml version="1.0" encoding="UTF-8"?><rss version="2.0"
	xmlns:content="http://purl.org/rss/1.0/modules/content/"
	xmlns:wfw="http://wellformedweb.org/CommentAPI/"
	xmlns:dc="http://purl.org/dc/elements/1.1/"
	xmlns:atom="http://www.w3.org/2005/Atom"
	xmlns:sy="http://purl.org/rss/1.0/modules/syndication/"
	xmlns:slash="http://purl.org/rss/1.0/modules/slash/"
	
	xmlns:georss="http://www.georss.org/georss"
	xmlns:geo="http://www.w3.org/2003/01/geo/wgs84_pos#"
	>

<channel>
	<title>Learning Organisation &#8211; VicDesotelle.com</title>
	<atom:link href="/tag/learning-organisation/feed/" rel="self" type="application/rss+xml" />
	<link></link>
	<description>Discovery Colabs, LLC - &#34;Be The Change&#34;</description>
	<lastBuildDate>Mon, 10 Sep 2012 16:04:46 +0000</lastBuildDate>
	<language>en-US</language>
	<sy:updatePeriod>
	hourly	</sy:updatePeriod>
	<sy:updateFrequency>
	1	</sy:updateFrequency>
	<generator>https://wordpress.org/?v=6.4.3</generator>

<image>
	<url>/wp-content/uploads/sites/2/2016/09/cropped-cropped-crossing-bridges-32x32.jpg</url>
	<title>Learning Organisation &#8211; VicDesotelle.com</title>
	<link></link>
	<width>32</width>
	<height>32</height>
</image> 
<site xmlns="com-wordpress:feed-additions:1">117344633</site>	<item>
		<title>Building A Learning Organisation</title>
		<link>/2009/05/27/building-a-learning-organisation/</link>
					<comments>/2009/05/27/building-a-learning-organisation/#respond</comments>
		
		<dc:creator><![CDATA[VicDesotelle]]></dc:creator>
		<pubDate>Thu, 28 May 2009 04:30:11 +0000</pubDate>
				<category><![CDATA[* Leadership Ecology]]></category>
		<category><![CDATA[* Organizational Learning]]></category>
		<category><![CDATA[* Social Innovation]]></category>
		<category><![CDATA[Flexibility]]></category>
		<category><![CDATA[Flexible Organisation]]></category>
		<category><![CDATA[Learning Organisation]]></category>
		<guid isPermaLink="false">http://discoveryfuel.com/sustainable-innovation/building-a-learning-organisation/</guid>

					<description><![CDATA[A learning organisation is an organisation that learns and encourages learning among its people. It promotes exchange of information between employees, hence creating a more knowledgeable workforce. This produces a very flexible organisation where people will accept and adapt to new ideas and change through shared vision.It is said that the only constant in life [&#8230;]]]></description>
		
					<wfw:commentRss>/2009/05/27/building-a-learning-organisation/feed/</wfw:commentRss>
			<slash:comments>0</slash:comments>
		
		
		<post-id xmlns="com-wordpress:feed-additions:1">1836</post-id>	</item>
	</channel>
</rss>
