<?xml version="1.0" encoding="UTF-8"?><rss version="2.0"
	xmlns:content="http://purl.org/rss/1.0/modules/content/"
	xmlns:wfw="http://wellformedweb.org/CommentAPI/"
	xmlns:dc="http://purl.org/dc/elements/1.1/"
	xmlns:atom="http://www.w3.org/2005/Atom"
	xmlns:sy="http://purl.org/rss/1.0/modules/syndication/"
	xmlns:slash="http://purl.org/rss/1.0/modules/slash/"
	
	xmlns:georss="http://www.georss.org/georss"
	xmlns:geo="http://www.w3.org/2003/01/geo/wgs84_pos#"
	>

<channel>
	<title>culture &#8211; VicDesotelle.com</title>
	<atom:link href="/tag/culture/feed/" rel="self" type="application/rss+xml" />
	<link></link>
	<description>Discovery Colabs, LLC - &#34;Be The Change&#34;</description>
	<lastBuildDate>Fri, 30 Sep 2016 02:01:19 +0000</lastBuildDate>
	<language>en-US</language>
	<sy:updatePeriod>
	hourly	</sy:updatePeriod>
	<sy:updateFrequency>
	1	</sy:updateFrequency>
	<generator>https://wordpress.org/?v=6.4.3</generator>

<image>
	<url>/wp-content/uploads/sites/2/2016/09/cropped-cropped-crossing-bridges-32x32.jpg</url>
	<title>culture &#8211; VicDesotelle.com</title>
	<link></link>
	<width>32</width>
	<height>32</height>
</image> 
<site xmlns="com-wordpress:feed-additions:1">117344633</site>	<item>
		<title>A Practical Theory On Leadership &#038; Collaboration &#8211; &#8216;The Shirtless Dancing Guy&#8217;</title>
		<link>/2010/05/28/the-shirtless-dancing-guy-a-pratical-theory-on-leadership/</link>
					<comments>/2010/05/28/the-shirtless-dancing-guy-a-pratical-theory-on-leadership/#respond</comments>
		
		<dc:creator><![CDATA[VicDesotelle]]></dc:creator>
		<pubDate>Fri, 28 May 2010 18:59:41 +0000</pubDate>
				<category><![CDATA[* Collaborative Design]]></category>
		<category><![CDATA[* Leadership Ecology]]></category>
		<category><![CDATA[* Organizational Learning]]></category>
		<category><![CDATA[change]]></category>
		<category><![CDATA[culture]]></category>
		<category><![CDATA[followers]]></category>
		<category><![CDATA[leaders]]></category>
		<category><![CDATA[Leadership Ecology]]></category>
		<category><![CDATA[movements]]></category>
		<guid isPermaLink="false">http://discoveryfuel.com/?p=4913</guid>

					<description><![CDATA[I got this video off of Charles Lemos&#8217; site and was referred to it by Ben Roberts&#8217; Facebook conversation. Derek Sivers gave this presentation at the TED Conference this week and got a standing ovation. It&#8217;s pretty brilliant in its takeaway. The video below is a healthy perspective on the collective&#8217;s role in leadership, especially [&#8230;]]]></description>
		
					<wfw:commentRss>/2010/05/28/the-shirtless-dancing-guy-a-pratical-theory-on-leadership/feed/</wfw:commentRss>
			<slash:comments>0</slash:comments>
		
		
		<post-id xmlns="com-wordpress:feed-additions:1">4913</post-id>	</item>
		<item>
		<title>The Need For Communicating About Our Communication</title>
		<link>/2008/12/29/the-need-for-communicating-about-our-communication/</link>
					<comments>/2008/12/29/the-need-for-communicating-about-our-communication/#respond</comments>
		
		<dc:creator><![CDATA[VicDesotelle]]></dc:creator>
		<pubDate>Mon, 29 Dec 2008 20:31:35 +0000</pubDate>
				<category><![CDATA[* Collaborative Design]]></category>
		<category><![CDATA[* Leadership Ecology]]></category>
		<category><![CDATA[communicate]]></category>
		<category><![CDATA[communication]]></category>
		<category><![CDATA[culture]]></category>
		<category><![CDATA[ecology]]></category>
		<category><![CDATA[human]]></category>
		<category><![CDATA[humane]]></category>
		<category><![CDATA[humanity]]></category>
		<category><![CDATA[mass]]></category>
		<category><![CDATA[technologies]]></category>
		<category><![CDATA[technology]]></category>
		<category><![CDATA[world]]></category>
		<guid isPermaLink="false">http://discoveryfuel.com/?p=558</guid>

					<description><![CDATA[Join Abhijit and I in this dialog about the evolution of &#8220;communication&#8221; &#8230; &#8212;&#8212;&#8212;&#8212;&#8212;&#8212;&#8212;&#8212;- Dec 24, 2008 AM Vic, I&#8217;ve been in the business of mass communication and making efforts to ease the man-to-man communication process. Abhijit Banerjee, 54 Calcutta India &#8212;&#8212;&#8212;&#8212;&#8212;&#8212;&#8212;&#8212;- Hello Abhijit, I am curious to learn more about your statement: &#8221; efforts [&#8230;]]]></description>
		
					<wfw:commentRss>/2008/12/29/the-need-for-communicating-about-our-communication/feed/</wfw:commentRss>
			<slash:comments>0</slash:comments>
		
		
		<post-id xmlns="com-wordpress:feed-additions:1">558</post-id>	</item>
		<item>
		<title>Insights on Team Identity and Self Expression</title>
		<link>/2008/10/30/insights-on-team-identity-and-self-expression/</link>
					<comments>/2008/10/30/insights-on-team-identity-and-self-expression/#respond</comments>
		
		<dc:creator><![CDATA[VicDesotelle]]></dc:creator>
		<pubDate>Thu, 30 Oct 2008 22:14:19 +0000</pubDate>
				<category><![CDATA[* Collaborative Design]]></category>
		<category><![CDATA[* Leadership Ecology]]></category>
		<category><![CDATA[achievement]]></category>
		<category><![CDATA[authentic]]></category>
		<category><![CDATA[choices]]></category>
		<category><![CDATA[choosing]]></category>
		<category><![CDATA[cultural]]></category>
		<category><![CDATA[culture]]></category>
		<category><![CDATA[freedom]]></category>
		<category><![CDATA[identity]]></category>
		<category><![CDATA[self]]></category>
		<category><![CDATA[self expression]]></category>
		<category><![CDATA[spiriitual]]></category>
		<category><![CDATA[spiritual connection]]></category>
		<category><![CDATA[way of being]]></category>
		<guid isPermaLink="false">http://discoveryfuel.com/?p=284</guid>

					<description><![CDATA[This is a real experience relating to my own personal authenticty awarenesss and development. I encourage you to do the same. Below are insights from John Voris of Authentic Systems after a healthy discussion on personal development and team building. Go ahead and listen in&#8230; &#8212; &#8220;Vic,  It was a pleasure talking with you. We [&#8230;]]]></description>
		
					<wfw:commentRss>/2008/10/30/insights-on-team-identity-and-self-expression/feed/</wfw:commentRss>
			<slash:comments>0</slash:comments>
		
		
		<post-id xmlns="com-wordpress:feed-additions:1">284</post-id>	</item>
	</channel>
</rss>
