<?xml version="1.0" encoding="UTF-8"?><rss version="2.0"
	xmlns:content="http://purl.org/rss/1.0/modules/content/"
	xmlns:wfw="http://wellformedweb.org/CommentAPI/"
	xmlns:dc="http://purl.org/dc/elements/1.1/"
	xmlns:atom="http://www.w3.org/2005/Atom"
	xmlns:sy="http://purl.org/rss/1.0/modules/syndication/"
	xmlns:slash="http://purl.org/rss/1.0/modules/slash/"
	
	xmlns:georss="http://www.georss.org/georss"
	xmlns:geo="http://www.w3.org/2003/01/geo/wgs84_pos#"
	>

<channel>
	<title>vote &#8211; VicDesotelle.com</title>
	<atom:link href="/tag/vote/feed/" rel="self" type="application/rss+xml" />
	<link></link>
	<description>Discovery Colabs, LLC - &#34;Be The Change&#34;</description>
	<lastBuildDate>Thu, 05 Jan 2012 19:04:26 +0000</lastBuildDate>
	<language>en-US</language>
	<sy:updatePeriod>
	hourly	</sy:updatePeriod>
	<sy:updateFrequency>
	1	</sy:updateFrequency>
	<generator>https://wordpress.org/?v=6.4.3</generator>

<image>
	<url>/wp-content/uploads/sites/2/2016/09/cropped-cropped-crossing-bridges-32x32.jpg</url>
	<title>vote &#8211; VicDesotelle.com</title>
	<link></link>
	<width>32</width>
	<height>32</height>
</image> 
<site xmlns="com-wordpress:feed-additions:1">117344633</site>	<item>
		<title>Seemingly &#034;green&#034; state ballot propositions</title>
		<link>/2007/02/02/seemingly-green-state-ballot-propositions/</link>
					<comments>/2007/02/02/seemingly-green-state-ballot-propositions/#respond</comments>
		
		<dc:creator><![CDATA[VicDesotelle]]></dc:creator>
		<pubDate>Sat, 03 Feb 2007 00:24:05 +0000</pubDate>
				<category><![CDATA[* Sustainable Development]]></category>
		<category><![CDATA[ballot]]></category>
		<category><![CDATA[election]]></category>
		<category><![CDATA[green]]></category>
		<category><![CDATA[politics]]></category>
		<category><![CDATA[proposition]]></category>
		<category><![CDATA[renewable energy]]></category>
		<category><![CDATA[sustainability]]></category>
		<category><![CDATA[UCS]]></category>
		<category><![CDATA[union of concerned scientists]]></category>
		<category><![CDATA[vote]]></category>
		<guid isPermaLink="false">http://discoveryfuel.com/?p=325</guid>

					<description><![CDATA[The language of propositions can be quite manipulative. I often think I&#8217;m voting yes when no is what I wanted, and visa versa. Below is a trust-able source &#8211; the Union for Concerned Scientists (http://www.ucsusa.org),/ to help you choose well at the polls on Tuesday. When you go to the polls this Tuesday, November 4, [&#8230;]]]></description>
		
					<wfw:commentRss>/2007/02/02/seemingly-green-state-ballot-propositions/feed/</wfw:commentRss>
			<slash:comments>0</slash:comments>
		
		
		<post-id xmlns="com-wordpress:feed-additions:1">325</post-id>	</item>
	</channel>
</rss>
