<?xml version="1.0" encoding="UTF-8"?><rss version="2.0"
	xmlns:content="http://purl.org/rss/1.0/modules/content/"
	xmlns:wfw="http://wellformedweb.org/CommentAPI/"
	xmlns:dc="http://purl.org/dc/elements/1.1/"
	xmlns:atom="http://www.w3.org/2005/Atom"
	xmlns:sy="http://purl.org/rss/1.0/modules/syndication/"
	xmlns:slash="http://purl.org/rss/1.0/modules/slash/"
	
	xmlns:georss="http://www.georss.org/georss"
	xmlns:geo="http://www.w3.org/2003/01/geo/wgs84_pos#"
	>

<channel>
	<title>Virtual Collaboration &#8211; VicDesotelle.com</title>
	<atom:link href="/tag/virtual-collaboration/feed/" rel="self" type="application/rss+xml" />
	<link></link>
	<description>Discovery Colabs, LLC - &#34;Be The Change&#34;</description>
	<lastBuildDate>Thu, 23 Jul 2020 15:17:21 +0000</lastBuildDate>
	<language>en-US</language>
	<sy:updatePeriod>
	hourly	</sy:updatePeriod>
	<sy:updateFrequency>
	1	</sy:updateFrequency>
	<generator>https://wordpress.org/?v=6.4.3</generator>

<image>
	<url>/wp-content/uploads/sites/2/2016/09/cropped-cropped-crossing-bridges-32x32.jpg</url>
	<title>Virtual Collaboration &#8211; VicDesotelle.com</title>
	<link></link>
	<width>32</width>
	<height>32</height>
</image> 
<site xmlns="com-wordpress:feed-additions:1">117344633</site>	<item>
		<title>&#034;Be The Change!&#034; &#8211; 7 Steps To Manifestation</title>
		<link>/2009/08/01/join-a-very-unique-kind-of-community-sponsored-by-discovery-fuel/</link>
					<comments>/2009/08/01/join-a-very-unique-kind-of-community-sponsored-by-discovery-fuel/#respond</comments>
		
		<dc:creator><![CDATA[VicDesotelle]]></dc:creator>
		<pubDate>Sat, 01 Aug 2009 19:11:50 +0000</pubDate>
				<category><![CDATA[* Leadership Ecology]]></category>
		<category><![CDATA[* Organizational Learning]]></category>
		<category><![CDATA[** Insights]]></category>
		<category><![CDATA[changing normal]]></category>
		<category><![CDATA[Sustain Innovation]]></category>
		<category><![CDATA[Virtual Collaboration]]></category>
		<guid isPermaLink="false">http://discoveryfuel.com/?p=949</guid>

					<description><![CDATA[&#8220;Be the change you want to see in the world.&#8221; Join &#8220;Be The Change!&#8221; Twibes Twitter Group /// Participate in the &#8220;Be The Change!&#8221; Dialogue Project Join One Of Our Discovery Communities At The Bottom Of This Page Mohandas Gandhi&#8217;s quote above is powerful, isn&#8217;t it? Being the change requires that we embody change itself. [&#8230;]]]></description>
		
					<wfw:commentRss>/2009/08/01/join-a-very-unique-kind-of-community-sponsored-by-discovery-fuel/feed/</wfw:commentRss>
			<slash:comments>0</slash:comments>
		
		
		<post-id xmlns="com-wordpress:feed-additions:1">949</post-id>	</item>
		<item>
		<title>Online Learning To Reshape Our World ?</title>
		<link>/2009/02/27/online-learning-to-reshape-our-world/</link>
					<comments>/2009/02/27/online-learning-to-reshape-our-world/#respond</comments>
		
		<dc:creator><![CDATA[VicDesotelle]]></dc:creator>
		<pubDate>Fri, 27 Feb 2009 23:04:08 +0000</pubDate>
				<category><![CDATA[* Collaborative Design]]></category>
		<category><![CDATA[* Organizational Learning]]></category>
		<category><![CDATA[economy]]></category>
		<category><![CDATA[education]]></category>
		<category><![CDATA[elearning]]></category>
		<category><![CDATA[online learning]]></category>
		<category><![CDATA[Virtual Collaboration]]></category>
		<guid isPermaLink="false">http://discoveryfuel.com/?p=875</guid>

					<description><![CDATA[I&#8217;ve been behind the mark in getting some good material out relating to online collaboration tools because I&#8217;m actually formulating new potions back in my personal &#8216;Colab&#8217;oratory. I am continuing my search for KISS (keep it stupid simple) online environments that will allow us all to connect online in amazing ways &#8211; no matter where [&#8230;]]]></description>
		
					<wfw:commentRss>/2009/02/27/online-learning-to-reshape-our-world/feed/</wfw:commentRss>
			<slash:comments>0</slash:comments>
		
		
		<post-id xmlns="com-wordpress:feed-additions:1">875</post-id>	</item>
		<item>
		<title>Technology&#039;s Influence on Behavior Changes</title>
		<link>/2009/01/23/technologys-influence-on-behavior-changes/</link>
					<comments>/2009/01/23/technologys-influence-on-behavior-changes/#respond</comments>
		
		<dc:creator><![CDATA[VicDesotelle]]></dc:creator>
		<pubDate>Fri, 23 Jan 2009 18:19:25 +0000</pubDate>
				<category><![CDATA[* Collaborative Design]]></category>
		<category><![CDATA[* Leadership Ecology]]></category>
		<category><![CDATA[behavior]]></category>
		<category><![CDATA[change]]></category>
		<category><![CDATA[influence]]></category>
		<category><![CDATA[online]]></category>
		<category><![CDATA[technology]]></category>
		<category><![CDATA[Virtual Collaboration]]></category>
		<guid isPermaLink="false">http://discoveryfuel.com/?p=694</guid>

					<description><![CDATA[I watched this interesting video on company and personal branding, which are often one in the same these days. Check it out because it tells an underlying tale of how technology is influencing our behavior. Additionally David Armano tells a story here of how positive interactions with his iPod has changed his &#8216;dropping&#8217; behavior. This [&#8230;]]]></description>
		
					<wfw:commentRss>/2009/01/23/technologys-influence-on-behavior-changes/feed/</wfw:commentRss>
			<slash:comments>0</slash:comments>
		
		
		<post-id xmlns="com-wordpress:feed-additions:1">694</post-id>	</item>
	</channel>
</rss>
