<?xml version="1.0" encoding="UTF-8"?><rss version="2.0"
	xmlns:content="http://purl.org/rss/1.0/modules/content/"
	xmlns:wfw="http://wellformedweb.org/CommentAPI/"
	xmlns:dc="http://purl.org/dc/elements/1.1/"
	xmlns:atom="http://www.w3.org/2005/Atom"
	xmlns:sy="http://purl.org/rss/1.0/modules/syndication/"
	xmlns:slash="http://purl.org/rss/1.0/modules/slash/"
	
	xmlns:georss="http://www.georss.org/georss"
	xmlns:geo="http://www.w3.org/2003/01/geo/wgs84_pos#"
	>

<channel>
	<title>regen &#8211; VicDesotelle.com</title>
	<atom:link href="/tag/regen/feed/" rel="self" type="application/rss+xml" />
	<link></link>
	<description>Discovery Colabs, LLC - &#34;Be The Change&#34;</description>
	<lastBuildDate>Tue, 12 Jun 2018 23:20:23 +0000</lastBuildDate>
	<language>en-US</language>
	<sy:updatePeriod>
	hourly	</sy:updatePeriod>
	<sy:updateFrequency>
	1	</sy:updateFrequency>
	<generator>https://wordpress.org/?v=6.4.3</generator>

<image>
	<url>/wp-content/uploads/sites/2/2016/09/cropped-cropped-crossing-bridges-32x32.jpg</url>
	<title>regen &#8211; VicDesotelle.com</title>
	<link></link>
	<width>32</width>
	<height>32</height>
</image> 
<site xmlns="com-wordpress:feed-additions:1">117344633</site>	<item>
		<title>Defining a Regenerative Commerce System</title>
		<link>/2012/01/05/principles-of-regenerative-commerce/</link>
					<comments>/2012/01/05/principles-of-regenerative-commerce/#respond</comments>
		
		<dc:creator><![CDATA[VicDesotelle]]></dc:creator>
		<pubDate>Thu, 05 Jan 2012 11:14:00 +0000</pubDate>
				<category><![CDATA[* Sustainable Development]]></category>
		<category><![CDATA[commerce]]></category>
		<category><![CDATA[principles]]></category>
		<category><![CDATA[regen]]></category>
		<category><![CDATA[regenerative]]></category>
		<guid isPermaLink="false">http://discoveryfuel.com/?p=1003</guid>

					<description><![CDATA[<p><img data-tf-not-load="1" fetchpriority="high" loading="auto" decoding="auto" width="321" height="181" src="/wp-content/uploads/sites/2/2012/01/regenerativecommerceprinciples.png" class="attachment-full size-full wp-post-image" alt="" decoding="async" fetchpriority="high" srcset="/wp-content/uploads/sites/2/2012/01/regenerativecommerceprinciples.png 321w, /wp-content/uploads/sites/2/2012/01/regenerativecommerceprinciples-300x169.png 300w" sizes="(max-width: 321px) 100vw, 321px" /></p>Regenerative Commerce is a system based on a broader understanding of what it means to develop technology and business. I propose that, using these principles, a region&#8217;s economic system can revitalize itself and perform beyond today&#8217;s assumptions and expectations. The following represent shifts in awareness of the models we use to create and innovate within [&#8230;]]]></description>
		
					<wfw:commentRss>/2012/01/05/principles-of-regenerative-commerce/feed/</wfw:commentRss>
			<slash:comments>0</slash:comments>
		
		
		<post-id xmlns="com-wordpress:feed-additions:1">1003</post-id>	</item>
	</channel>
</rss>
