<?xml version="1.0" encoding="UTF-8"?><rss version="2.0"
	xmlns:content="http://purl.org/rss/1.0/modules/content/"
	xmlns:wfw="http://wellformedweb.org/CommentAPI/"
	xmlns:dc="http://purl.org/dc/elements/1.1/"
	xmlns:atom="http://www.w3.org/2005/Atom"
	xmlns:sy="http://purl.org/rss/1.0/modules/syndication/"
	xmlns:slash="http://purl.org/rss/1.0/modules/slash/"
	
	xmlns:georss="http://www.georss.org/georss"
	xmlns:geo="http://www.w3.org/2003/01/geo/wgs84_pos#"
	>

<channel>
	<title>hug &#8211; VicDesotelle.com</title>
	<atom:link href="/tag/hug/feed/" rel="self" type="application/rss+xml" />
	<link></link>
	<description>Discovery Colabs, LLC - &#34;Be The Change&#34;</description>
	<lastBuildDate>Fri, 30 Sep 2016 02:01:17 +0000</lastBuildDate>
	<language>en-US</language>
	<sy:updatePeriod>
	hourly	</sy:updatePeriod>
	<sy:updateFrequency>
	1	</sy:updateFrequency>
	<generator>https://wordpress.org/?v=6.4.3</generator>

<image>
	<url>/wp-content/uploads/sites/2/2016/09/cropped-cropped-crossing-bridges-32x32.jpg</url>
	<title>hug &#8211; VicDesotelle.com</title>
	<link></link>
	<width>32</width>
	<height>32</height>
</image> 
<site xmlns="com-wordpress:feed-additions:1">117344633</site>	<item>
		<title>Validation Generates Deep Collaboration</title>
		<link>/2009/01/27/validation-generates-deep-collaboration/</link>
					<comments>/2009/01/27/validation-generates-deep-collaboration/#respond</comments>
		
		<dc:creator><![CDATA[VicDesotelle]]></dc:creator>
		<pubDate>Tue, 27 Jan 2009 19:39:40 +0000</pubDate>
				<category><![CDATA[* Collaborative Design]]></category>
		<category><![CDATA[* Leadership Ecology]]></category>
		<category><![CDATA[collaboration]]></category>
		<category><![CDATA[deep]]></category>
		<category><![CDATA[hug]]></category>
		<category><![CDATA[hugs]]></category>
		<category><![CDATA[smile]]></category>
		<category><![CDATA[smiles]]></category>
		<category><![CDATA[validate]]></category>
		<category><![CDATA[validating]]></category>
		<category><![CDATA[validation]]></category>
		<guid isPermaLink="false">http://discoveryfuel.com/?p=661</guid>

					<description><![CDATA[There are some things that do not need explanation. Want to feel real good at your next gathering or meeting? Then take time from your busy schedule and allow yourself to feel good for a couple minutes. Check out these two AWESOME videos. Play one of these at your next meeting or pow wow and [&#8230;]]]></description>
		
					<wfw:commentRss>/2009/01/27/validation-generates-deep-collaboration/feed/</wfw:commentRss>
			<slash:comments>0</slash:comments>
		
		
		<post-id xmlns="com-wordpress:feed-additions:1">661</post-id>	</item>
	</channel>
</rss>
