<?xml version="1.0" encoding="UTF-8"?><rss version="2.0"
	xmlns:content="http://purl.org/rss/1.0/modules/content/"
	xmlns:wfw="http://wellformedweb.org/CommentAPI/"
	xmlns:dc="http://purl.org/dc/elements/1.1/"
	xmlns:atom="http://www.w3.org/2005/Atom"
	xmlns:sy="http://purl.org/rss/1.0/modules/syndication/"
	xmlns:slash="http://purl.org/rss/1.0/modules/slash/"
	
	xmlns:georss="http://www.georss.org/georss"
	xmlns:geo="http://www.w3.org/2003/01/geo/wgs84_pos#"
	>

<channel>
	<title>triple bottom line &#8211; VicDesotelle.com</title>
	<atom:link href="/tag/triple-bottom-line/feed/" rel="self" type="application/rss+xml" />
	<link></link>
	<description>Discovery Colabs, LLC - &#34;Be The Change&#34;</description>
	<lastBuildDate>Tue, 03 Jan 2012 18:49:01 +0000</lastBuildDate>
	<language>en-US</language>
	<sy:updatePeriod>
	hourly	</sy:updatePeriod>
	<sy:updateFrequency>
	1	</sy:updateFrequency>
	<generator>https://wordpress.org/?v=6.4.3</generator>

<image>
	<url>/wp-content/uploads/sites/2/2016/09/cropped-cropped-crossing-bridges-32x32.jpg</url>
	<title>triple bottom line &#8211; VicDesotelle.com</title>
	<link></link>
	<width>32</width>
	<height>32</height>
</image> 
<site xmlns="com-wordpress:feed-additions:1">117344633</site>	<item>
		<title>Triple Bottom Line Investing: A New Framework for Innovation</title>
		<link>/2008/11/16/triple-bottom-line-investing-a-new-framework-for-innovation/</link>
					<comments>/2008/11/16/triple-bottom-line-investing-a-new-framework-for-innovation/#respond</comments>
		
		<dc:creator><![CDATA[VicDesotelle]]></dc:creator>
		<pubDate>Sun, 16 Nov 2008 08:30:04 +0000</pubDate>
				<category><![CDATA[* Sustainable Development]]></category>
		<category><![CDATA[Feigenbaum]]></category>
		<category><![CDATA[greenmoney]]></category>
		<category><![CDATA[Innovation]]></category>
		<category><![CDATA[Investing]]></category>
		<category><![CDATA[socially responsible investing]]></category>
		<category><![CDATA[triple bottom line]]></category>
		<guid isPermaLink="false">http://discoveryfuel.com/?p=368</guid>

					<description><![CDATA[I have long awaited the day when business and technology would begin to use principles of sustainability as the foundation for how we create and pay for our products and services. Well, the future has arrived with the concept of &#8220;&#8221; and socially responsible investing, which holds a whole new framework for innovation to emerge. [&#8230;]]]></description>
		
					<wfw:commentRss>/2008/11/16/triple-bottom-line-investing-a-new-framework-for-innovation/feed/</wfw:commentRss>
			<slash:comments>0</slash:comments>
		
		
		<post-id xmlns="com-wordpress:feed-additions:1">368</post-id>	</item>
		<item>
		<title>Vic on Sustainable Innovation</title>
		<link>/2008/10/27/about-sustainable-innovation/</link>
					<comments>/2008/10/27/about-sustainable-innovation/#respond</comments>
		
		<dc:creator><![CDATA[VicDesotelle]]></dc:creator>
		<pubDate>Tue, 28 Oct 2008 01:42:20 +0000</pubDate>
				<category><![CDATA[* Sustainable Development]]></category>
		<category><![CDATA[Innovation]]></category>
		<category><![CDATA[organizational innovation]]></category>
		<category><![CDATA[Social innovation]]></category>
		<category><![CDATA[Sustain Innovation]]></category>
		<category><![CDATA[sustainability]]></category>
		<category><![CDATA[technical innovation]]></category>
		<category><![CDATA[triple bottom line]]></category>
		<guid isPermaLink="false">http://discoveryfuel.com/?p=271</guid>

					<description><![CDATA[I have long awaited the day when business and technology begin to use principles of sustainability as the foundation for creating and using products and services. Well, the future has arrived and I&#8217;m all over it. Under concepts like &#8216;triple bottom line&#8217; and &#8216;social responsibility&#8217; the idea of innovation is showing up in new ways. [&#8230;]]]></description>
		
					<wfw:commentRss>/2008/10/27/about-sustainable-innovation/feed/</wfw:commentRss>
			<slash:comments>0</slash:comments>
		
		
		<post-id xmlns="com-wordpress:feed-additions:1">271</post-id>	</item>
	</channel>
</rss>
